-- phpMyAdmin SQL Dump
-- version 5.2.0
-- https://www.phpmyadmin.net/
--
-- Host: localhost
-- Generation Time: Apr 01, 2023 at 07:04 PM
-- Server version: 10.4.27-MariaDB
-- PHP Version: 8.2.0

SET SQL_MODE = "NO_AUTO_VALUE_ON_ZERO";
START TRANSACTION;
SET time_zone = "+00:00";

--
-- Database: `senaApp`
--

-- --------------------------------------------------------

--
-- Table structure for table `activation_company_users`
--

-- CREATE TABLE `activation_company_users` (
--   `id` int(10) UNSIGNED NOT NULL,
--   `user_id` int(10) UNSIGNED NOT NULL,
--   `state_id` int(10) UNSIGNED NOT NULL,
--   `company_id` int(10) UNSIGNED NOT NULL,
--   `fechaInicio` date NOT NULL,
--   `fechaFin` date NOT NULL,
--   `created_at` timestamp NULL DEFAULT NULL,
--   `updated_at` timestamp NULL DEFAULT NULL
-- ) ENGINE=InnoDB DEFAULT CHARSET=utf8mb4 COLLATE=utf8mb4_unicode_ci;

--
-- Dumping data for table `activation_company_users`
--

-- INSERT INTO `activation_company_users` (`id`, `user_id`, `state_id`, `company_id`, `fechaInicio`, `fechaFin`, `created_at`, `updated_at`) VALUES
-- (1, 1, 1, 1, '2012-09-22', '2024-07-05', '2023-03-13 17:20:46', '2023-03-13 17:20:46'),
-- (2, 1, 1, 2, '1979-11-21', '2024-02-02', '2023-03-13 17:20:46', '2023-03-13 17:20:46');

-- --------------------------------------------------------

--
-- Table structure for table `ActividadAprendizaje`
--

CREATE TABLE `ActividadAprendizaje` (
  `id` int(11) NOT NULL,
  `nombreAA` text DEFAULT NULL,
  `codigoAA` varchar(20) DEFAULT NULL,
  `idRap` int(11) DEFAULT NULL
) ENGINE=InnoDB DEFAULT CHARSET=utf8mb4 COLLATE=utf8mb4_general_ci;

-- --------------------------------------------------------

--
-- Table structure for table `actividadProyecto`
--

CREATE TABLE `actividadProyecto` (
  `id` int(10) UNSIGNED NOT NULL,
  `nombreActividadProyecto` text NOT NULL,
  `idFase` int(10) UNSIGNED NOT NULL,
  `codigoAP` varchar(100) DEFAULT NULL
) ENGINE=InnoDB DEFAULT CHARSET=utf8mb4 COLLATE=utf8mb4_unicode_ci;

-- --------------------------------------------------------

--
-- Table structure for table `area`
--

CREATE TABLE `area` (
  `id` int(11) NOT NULL,
  `nombreArea` varchar(100) DEFAULT NULL,
  `codigo` varchar(20) DEFAULT NULL
) ENGINE=InnoDB DEFAULT CHARSET=utf8mb4 COLLATE=utf8mb4_general_ci;

-- --------------------------------------------------------

--
-- Table structure for table `asignacionDiaJornadas`
--

CREATE TABLE `asignacionDiaJornadas` (
  `id` int(10) UNSIGNED NOT NULL,
  `idJornada` int(10) UNSIGNED NOT NULL,
  `idDia` int(10) UNSIGNED NOT NULL
) ENGINE=InnoDB DEFAULT CHARSET=utf8mb4 COLLATE=utf8mb4_unicode_ci;

-- --------------------------------------------------------

--
-- Table structure for table `asignacionFasePrograma`
--

CREATE TABLE `asignacionFasePrograma` (
  `id` int(10) UNSIGNED NOT NULL,
  `idPrograma` int(10) UNSIGNED NOT NULL,
  `idFase` int(10) UNSIGNED NOT NULL
) ENGINE=InnoDB DEFAULT CHARSET=utf8mb4 COLLATE=utf8mb4_general_ci;

-- --------------------------------------------------------

--
-- Table structure for table `asignacionJornadaHorarioGrupo`
--

CREATE TABLE `asignacionJornadaHorarioGrupo` (
  `id` int(11) NOT NULL,
  `idHorarioGrupo` int(11) DEFAULT NULL,
  `idJornada` int(11) DEFAULT NULL
) ENGINE=InnoDB DEFAULT CHARSET=utf8mb4 COLLATE=utf8mb4_general_ci;

-- --------------------------------------------------------

--
-- Table structure for table `asignacionParticipante`
--

CREATE TABLE `asignacionParticipante` (
  `id` int(11) NOT NULL,
  `idGrupo` int(11) DEFAULT NULL,
  `idParticipante` varchar(100) DEFAULT NULL
) ENGINE=InnoDB DEFAULT CHARSET=utf8mb4 COLLATE=utf8mb4_general_ci;

-- --------------------------------------------------------

--
-- Table structure for table `asignacionRapCompetencia`
--

CREATE TABLE `asignacionRapCompetencia` (
  `id` int(10) UNSIGNED NOT NULL,
  `idCompetencia` int(11) NOT NULL,
  `idRap` int(11) NOT NULL
) ENGINE=InnoDB DEFAULT CHARSET=utf8mb4 COLLATE=utf8mb4_unicode_ci;

-- --------------------------------------------------------

--
-- Table structure for table `ciudad`
--

-- CREATE TABLE `ciudad` (
--   `id` int(10) UNSIGNED NOT NULL,
--   `codigo` varchar(10) NOT NULL,
--   `descripcion` varchar(50) NOT NULL,
--   `iddepartamento` int(10) UNSIGNED NOT NULL,
--   `created_at` timestamp NULL DEFAULT NULL,
--   `updated_at` timestamp NULL DEFAULT NULL
-- ) ENGINE=InnoDB DEFAULT CHARSET=utf8mb4 COLLATE=utf8mb4_unicode_ci;

-- --
-- Dumping data for table `ciudad`
--

INSERT INTO `ciudad` (`id`, `codigo`, `descripcion`, `iddepartamento`, `created_at`, `updated_at`) VALUES
(1, '05045', 'APARTADO', 1, NULL, NULL),
(2, '05051', 'ARBOLETES', 1, NULL, NULL),
(3, '05055', 'ARGELIA', 1, NULL, NULL),
(4, '05059', 'ARMENIA', 1, NULL, NULL),
(5, '05079', 'BARBOSA', 1, NULL, NULL),
(6, '05086', 'BELMIRA', 1, NULL, NULL),
(7, '05088', 'BELLO', 1, NULL, NULL),
(8, '05091', 'BETANIA', 1, NULL, NULL),
(9, '05093', 'BETULIA', 1, NULL, NULL),
(10, '05101', 'CIUDAD BOLIVAR', 1, NULL, NULL),
(11, '05107', 'BRICE??O', 1, NULL, NULL),
(12, '05113', 'BURITICA', 1, NULL, NULL),
(13, '05120', 'CACERES', 1, NULL, NULL),
(14, '05125', 'CAICEDO', 1, NULL, NULL),
(15, '05129', 'CALDAS', 1, NULL, NULL),
(16, '05134', 'CAMPAMENTO', 1, NULL, NULL),
(17, '05138', 'CA??ASGORDAS', 1, NULL, NULL),
(18, '05142', 'CARACOLI', 1, NULL, NULL),
(19, '05145', 'CARAMANTA', 1, NULL, NULL),
(20, '05147', 'CAREPA', 1, NULL, NULL),
(21, '05148', 'EL CARMEN DE VIBORAL', 1, NULL, NULL),
(22, '05150', 'CAROLINA', 1, NULL, NULL),
(23, '05154', 'CAUCASIA', 1, NULL, NULL),
(24, '05172', 'CHIGORODO', 1, NULL, NULL),
(25, '05190', 'CISNEROS', 1, NULL, NULL),
(26, '05197', 'COCORNA', 1, NULL, NULL),
(27, '05206', 'CONCEPCION', 1, NULL, NULL),
(28, '05209', 'CONCORDIA', 1, NULL, NULL),
(29, '05212', 'COPACABANA', 1, NULL, NULL),
(30, '05234', 'DABEIBA', 1, NULL, NULL),
(31, '05237', 'DON MATIAS', 1, NULL, NULL),
(32, '05240', 'EBEJICO', 1, NULL, NULL),
(33, '05250', 'EL BAGRE', 1, NULL, NULL),
(34, '05264', 'ENTRERRIOS', 1, NULL, NULL),
(35, '05266', 'ENVIGADO', 1, NULL, NULL),
(36, '05282', 'FREDONIA', 1, NULL, NULL),
(37, '05284', 'FRONTINO', 1, NULL, NULL),
(38, '05306', 'GIRALDO', 1, NULL, NULL),
(39, '05308', 'GIRARDOTA', 1, NULL, NULL),
(40, '05310', 'GOMEZ PLATA', 1, NULL, NULL),
(41, '05313', 'GRANADA', 1, NULL, NULL),
(42, '05315', 'GUADALUPE', 1, NULL, NULL),
(43, '05318', 'GUARNE', 1, NULL, NULL),
(44, '05321', 'GUATAPE', 1, NULL, NULL),
(45, '05347', 'HELICONIA', 1, NULL, NULL),
(46, '05353', 'HISPANIA', 1, NULL, NULL),
(47, '05360', 'ITAGUI', 1, NULL, NULL),
(48, '05361', 'ITUANGO', 1, NULL, NULL),
(49, '05364', 'JARDIN', 1, NULL, NULL),
(50, '05368', 'JERICO', 1, NULL, NULL),
(51, '05376', 'LA CEJA', 1, NULL, NULL),
(52, '05380', 'LA ESTRELLA', 1, NULL, NULL),
(53, '05390', 'LA PINTADA', 1, NULL, NULL),
(54, '05400', 'LA UNION', 1, NULL, NULL),
(55, '05411', 'LIBORINA', 1, NULL, NULL),
(56, '05425', 'MACEO', 1, NULL, NULL),
(57, '05440', 'MARINILLA', 1, NULL, NULL),
(58, '05467', 'MONTEBELLO', 1, NULL, NULL),
(59, '05475', 'MURINDO', 1, NULL, NULL),
(60, '05480', 'MUTATA', 1, NULL, NULL),
(61, '05483', 'NARI??O', 1, NULL, NULL),
(62, '05490', 'NECOCLI', 1, NULL, NULL),
(63, '05495', 'NECHI', 1, NULL, NULL),
(64, '05501', 'OLAYA', 1, NULL, NULL),
(65, '05541', 'PE??OL', 1, NULL, NULL),
(66, '05543', 'PEQUE', 1, NULL, NULL),
(67, '05576', 'PUEBLORRICO', 1, NULL, NULL),
(68, '05579', 'PUERTO BERRIO', 1, NULL, NULL),
(69, '05585', 'PUERTO NARE', 1, NULL, NULL),
(70, '05591', 'PUERTO TRIUNFO', 1, NULL, NULL),
(71, '05604', 'REMEDIOS', 1, NULL, NULL),
(72, '05607', 'RETIRO', 1, NULL, NULL),
(73, '05615', 'RIONEGRO', 1, NULL, NULL),
(74, '05628', 'SABANALARGA', 1, NULL, NULL),
(75, '05631', 'SABANETA', 1, NULL, NULL),
(76, '05642', 'SALGAR', 1, NULL, NULL),
(77, '05647', 'SAN ANDRES DE CUERQUIA', 1, NULL, NULL),
(78, '05649', 'SAN CARLOS', 1, NULL, NULL),
(79, '05652', 'SAN FRANCISCO', 1, NULL, NULL),
(80, '05656', 'SAN JERONIMO', 1, NULL, NULL),
(81, '05658', 'SAN JOSE DE LA MONTA??A', 1, NULL, NULL),
(82, '05659', 'SAN JUAN DE URABA', 1, NULL, NULL),
(83, '05660', 'SAN LUIS', 1, NULL, NULL),
(84, '05664', 'SAN PEDRO', 1, NULL, NULL),
(85, '05665', 'SAN PEDRO DE URABA', 1, NULL, NULL),
(86, '05667', 'SAN RAFAEL', 1, NULL, NULL),
(87, '05670', 'SAN ROQUE', 1, NULL, NULL),
(88, '05674', 'SAN VICENTE', 1, NULL, NULL),
(89, '05679', 'SANTA BARBARA', 1, NULL, NULL),
(90, '05686', 'SANTA ROSA DE OSOS', 1, NULL, NULL),
(91, '05690', 'SANTO DOMINGO', 1, NULL, NULL),
(92, '05697', 'EL SANTUARIO', 1, NULL, NULL),
(93, '05736', 'SEGOVIA', 1, NULL, NULL),
(94, '05756', 'SONSON', 1, NULL, NULL),
(95, '05761', 'SOPETRAN', 1, NULL, NULL),
(96, '05789', 'TAMESIS', 1, NULL, NULL),
(97, '05790', 'TARAZA', 1, NULL, NULL),
(98, '05792', 'TARSO', 1, NULL, NULL),
(99, '05809', 'TITIRIBI', 1, NULL, NULL),
(100, '05819', 'TOLEDO', 1, NULL, NULL),
(101, '05837', 'TURBO', 1, NULL, NULL),
(102, '05842', 'URAMITA', 1, NULL, NULL),
(103, '05847', 'URRAO', 1, NULL, NULL),
(104, '05854', 'VALDIVIA', 1, NULL, NULL),
(105, '05856', 'VALPARAISO', 1, NULL, NULL),
(106, '05858', 'VEGACHI', 1, NULL, NULL),
(107, '05861', 'VENECIA', 1, NULL, NULL),
(108, '05873', 'VIGIA DEL FUERTE', 1, NULL, NULL),
(109, '05885', 'YALI', 1, NULL, NULL),
(110, '05887', 'YARUMAL', 1, NULL, NULL),
(111, '05890', 'YOLOMBO', 1, NULL, NULL),
(112, '05893', 'YONDO', 1, NULL, NULL),
(113, '05895', 'ZARAGOZA', 1, NULL, NULL),
(114, '08001', 'BARRANQUILLA', 2, NULL, NULL),
(115, '08078', 'BARANOA', 2, NULL, NULL),
(116, '08137', 'CAMPO DE LA CRUZ', 2, NULL, NULL),
(117, '08141', 'CANDELARIA', 2, NULL, NULL),
(118, '08296', 'GALAPA', 2, NULL, NULL),
(119, '08372', 'JUAN DE ACOSTA', 2, NULL, NULL),
(120, '08421', 'LURUACO', 2, NULL, NULL),
(121, '08433', 'MALAMBO', 2, NULL, NULL),
(122, '08436', 'MANATI', 2, NULL, NULL),
(123, '08520', 'PALMAR DE VARELA', 2, NULL, NULL),
(124, '08549', 'PIOJO', 2, NULL, NULL),
(125, '08558', 'POLONUEVO', 2, NULL, NULL),
(126, '08560', 'PONEDERA', 2, NULL, NULL),
(127, '08573', 'PUERTO COLOMBIA', 2, NULL, NULL),
(128, '08606', 'REPELON', 2, NULL, NULL),
(129, '08634', 'SABANAGRANDE', 2, NULL, NULL),
(130, '08638', 'SABANALARGA', 2, NULL, NULL),
(131, '08675', 'SANTA LUCIA', 2, NULL, NULL),
(132, '08685', 'SANTO TOMAS', 2, NULL, NULL),
(133, '08758', 'SOLEDAD', 2, NULL, NULL),
(134, '08770', 'SUAN', 2, NULL, NULL),
(135, '08832', 'TUBARA', 2, NULL, NULL),
(136, '08849', 'USIACURI', 2, NULL, NULL),
(137, '11001', 'BOGOTA, D.C.', 3, NULL, NULL),
(138, '13001', 'CARTAGENA', 4, NULL, NULL),
(139, '13006', 'ACHI', 4, NULL, NULL),
(140, '13030', 'ALTOS DEL ROSARIO', 4, NULL, NULL),
(141, '13042', 'ARENAL', 4, NULL, NULL),
(142, '13052', 'ARJONA', 4, NULL, NULL),
(143, '13062', 'ARROYOHONDO', 4, NULL, NULL),
(144, '13074', 'BARRANCO DE LOBA', 4, NULL, NULL),
(145, '13140', 'CALAMAR', 4, NULL, NULL),
(146, '13160', 'CANTAGALLO', 4, NULL, NULL),
(147, '13188', 'CICUCO', 4, NULL, NULL),
(148, '13212', 'CORDOBA', 4, NULL, NULL),
(149, '13222', 'CLEMENCIA', 4, NULL, NULL),
(150, '13244', 'EL CARMEN DE BOLIVAR', 4, NULL, NULL),
(151, '13248', 'EL GUAMO', 4, NULL, NULL),
(152, '13268', 'EL PE??ON', 4, NULL, NULL),
(153, '13300', 'HATILLO DE LOBA', 4, NULL, NULL),
(154, '13430', 'MAGANGUE', 4, NULL, NULL),
(155, '13433', 'MAHATES', 4, NULL, NULL),
(156, '13440', 'MARGARITA', 4, NULL, NULL),
(157, '13442', 'MARIA LA BAJA', 4, NULL, NULL),
(158, '13458', 'MONTECRISTO', 4, NULL, NULL),
(159, '13468', 'MOMPOS', 4, NULL, NULL),
(160, '13490', 'NOROSI', 4, NULL, NULL),
(161, '13473', 'MORALES', 4, NULL, NULL),
(162, '13549', 'PINILLOS', 4, NULL, NULL),
(163, '13580', 'REGIDOR', 4, NULL, NULL),
(164, '13600', 'RIO VIEJO', 4, NULL, NULL),
(165, '13620', 'SAN CRISTOBAL', 4, NULL, NULL),
(166, '13647', 'SAN ESTANISLAO', 4, NULL, NULL),
(167, '13650', 'SAN FERNANDO', 4, NULL, NULL),
(168, '13654', 'SAN JACINTO', 4, NULL, NULL),
(169, '13655', 'SAN JACINTO DEL CAUCA', 4, NULL, NULL),
(170, '13657', 'SAN JUAN NEPOMUCENO', 4, NULL, NULL),
(171, '13667', 'SAN MARTIN DE LOBA', 4, NULL, NULL),
(172, '13670', 'SAN PABLO', 4, NULL, NULL),
(173, '13673', 'SANTA CATALINA', 4, NULL, NULL),
(174, '13683', 'SANTA ROSA', 4, NULL, NULL),
(175, '13688', 'SANTA ROSA DEL SUR', 4, NULL, NULL),
(176, '13744', 'SIMITI', 4, NULL, NULL),
(177, '13760', 'SOPLAVIENTO', 4, NULL, NULL),
(178, '13780', 'TALAIGUA NUEVO', 4, NULL, NULL),
(179, '13810', 'TIQUISIO', 4, NULL, NULL),
(180, '13836', 'TURBACO', 4, NULL, NULL),
(181, '13838', 'TURBANA', 4, NULL, NULL),
(182, '13873', 'VILLANUEVA', 4, NULL, NULL),
(183, '13894', 'ZAMBRANO', 4, NULL, NULL),
(184, '15001', 'TUNJA', 5, NULL, NULL),
(185, '15022', 'ALMEIDA', 5, NULL, NULL),
(186, '15047', 'AQUITANIA', 5, NULL, NULL),
(187, '15051', 'ARCABUCO', 5, NULL, NULL),
(188, '15087', 'BELEN', 5, NULL, NULL),
(189, '15090', 'BERBEO', 5, NULL, NULL),
(190, '15092', 'BETEITIVA', 5, NULL, NULL),
(191, '15097', 'BOAVITA', 5, NULL, NULL),
(192, '15104', 'BOYACA', 5, NULL, NULL),
(193, '15106', 'BRICE??O', 5, NULL, NULL),
(194, '15109', 'BUENAVISTA', 5, NULL, NULL),
(195, '15114', 'BUSBANZA', 5, NULL, NULL),
(196, '15131', 'CALDAS', 5, NULL, NULL),
(197, '15135', 'CAMPOHERMOSO', 5, NULL, NULL),
(198, '15162', 'CERINZA', 5, NULL, NULL),
(199, '15172', 'CHINAVITA', 5, NULL, NULL),
(200, '15176', 'CHIQUINQUIRA', 5, NULL, NULL),
(201, '15180', 'CHISCAS', 5, NULL, NULL),
(202, '15183', 'CHITA', 5, NULL, NULL),
(203, '15185', 'CHITARAQUE', 5, NULL, NULL),
(204, '15187', 'CHIVATA', 5, NULL, NULL),
(205, '15189', 'CIENEGA', 5, NULL, NULL),
(206, '15204', 'COMBITA', 5, NULL, NULL),
(207, '15212', 'COPER', 5, NULL, NULL),
(208, '15215', 'CORRALES', 5, NULL, NULL),
(209, '15218', 'COVARACHIA', 5, NULL, NULL),
(210, '15223', 'CUBARA', 5, NULL, NULL),
(211, '15224', 'CUCAITA', 5, NULL, NULL),
(212, '15226', 'CUITIVA', 5, NULL, NULL),
(213, '15232', 'CHIQUIZA', 5, NULL, NULL),
(214, '15236', 'CHIVOR', 5, NULL, NULL),
(215, '15238', 'DUITAMA', 5, NULL, NULL),
(216, '15244', 'EL COCUY', 5, NULL, NULL),
(217, '15248', 'EL ESPINO', 5, NULL, NULL),
(218, '15272', 'FIRAVITOBA', 5, NULL, NULL),
(219, '15276', 'FLORESTA', 5, NULL, NULL),
(220, '15293', 'GACHANTIVA', 5, NULL, NULL),
(221, '15296', 'GAMEZA', 5, NULL, NULL),
(222, '15299', 'GARAGOA', 5, NULL, NULL),
(223, '15317', 'GUACAMAYAS', 5, NULL, NULL),
(224, '15322', 'GUATEQUE', 5, NULL, NULL),
(225, '15325', 'GUAYATA', 5, NULL, NULL),
(226, '15332', 'GsICAN', 5, NULL, NULL),
(227, '15362', 'IZA', 5, NULL, NULL),
(228, '15367', 'JENESANO', 5, NULL, NULL),
(229, '15368', 'JERICO', 5, NULL, NULL),
(230, '15377', 'LABRANZAGRANDE', 5, NULL, NULL),
(231, '15380', 'LA CAPILLA', 5, NULL, NULL),
(232, '15401', 'LA VICTORIA', 5, NULL, NULL),
(233, '15403', 'LA UVITA', 5, NULL, NULL),
(234, '15407', 'VILLA DE LEYVA', 5, NULL, NULL),
(235, '15425', 'MACANAL', 5, NULL, NULL),
(236, '15442', 'MARIPI', 5, NULL, NULL),
(237, '15455', 'MIRAFLORES', 5, NULL, NULL),
(238, '15464', 'MONGUA', 5, NULL, NULL),
(239, '15466', 'MONGUI', 5, NULL, NULL),
(240, '15469', 'MONIQUIRA', 5, NULL, NULL),
(241, '15476', 'MOTAVITA', 5, NULL, NULL),
(242, '15480', 'MUZO', 5, NULL, NULL),
(243, '15491', 'NOBSA', 5, NULL, NULL),
(244, '15494', 'NUEVO COLON', 5, NULL, NULL),
(245, '15500', 'OICATA', 5, NULL, NULL),
(246, '15507', 'OTANCHE', 5, NULL, NULL),
(247, '15511', 'PACHAVITA', 5, NULL, NULL),
(248, '15514', 'PAEZ', 5, NULL, NULL),
(249, '15516', 'PAIPA', 5, NULL, NULL),
(250, '15518', 'PAJARITO', 5, NULL, NULL),
(251, '15522', 'PANQUEBA', 5, NULL, NULL),
(252, '15531', 'PAUNA', 5, NULL, NULL),
(253, '15533', 'PAYA', 5, NULL, NULL),
(254, '15537', 'PAZ DE RIO', 5, NULL, NULL),
(255, '15542', 'PESCA', 5, NULL, NULL),
(256, '15550', 'PISBA', 5, NULL, NULL),
(257, '15572', 'PUERTO BOYACA', 5, NULL, NULL),
(258, '15580', 'QUIPAMA', 5, NULL, NULL),
(259, '15599', 'RAMIRIQUI', 5, NULL, NULL),
(260, '15600', 'RAQUIRA', 5, NULL, NULL),
(261, '15621', 'RONDON', 5, NULL, NULL),
(262, '15632', 'SABOYA', 5, NULL, NULL),
(263, '15638', 'SACHICA', 5, NULL, NULL),
(264, '15646', 'SAMACA', 5, NULL, NULL),
(265, '15660', 'SAN EDUARDO', 5, NULL, NULL),
(266, '15664', 'SAN JOSE DE PARE', 5, NULL, NULL),
(267, '15667', 'SAN LUIS DE GACENO', 5, NULL, NULL),
(268, '15673', 'SAN MATEO', 5, NULL, NULL),
(269, '15676', 'SAN MIGUEL DE SEMA', 5, NULL, NULL),
(270, '15681', 'SAN PABLO DE BORBUR', 5, NULL, NULL),
(271, '15686', 'SANTANA', 5, NULL, NULL),
(272, '15690', 'SANTA MARIA', 5, NULL, NULL),
(273, '15693', 'SANTA ROSA DE VITERBO', 5, NULL, NULL),
(274, '15696', 'SANTA SOFIA', 5, NULL, NULL),
(275, '15720', 'SATIVANORTE', 5, NULL, NULL),
(276, '15723', 'SATIVASUR', 5, NULL, NULL),
(277, '15740', 'SIACHOQUE', 5, NULL, NULL),
(278, '15753', 'SOATA', 5, NULL, NULL),
(279, '15755', 'SOCOTA', 5, NULL, NULL),
(280, '15757', 'SOCHA', 5, NULL, NULL),
(281, '15759', 'SOGAMOSO', 5, NULL, NULL),
(282, '15761', 'SOMONDOCO', 5, NULL, NULL),
(283, '15762', 'SORA', 5, NULL, NULL),
(284, '15763', 'SOTAQUIRA', 5, NULL, NULL),
(285, '15764', 'SORACA', 5, NULL, NULL),
(286, '15774', 'SUSACON', 5, NULL, NULL),
(287, '15776', 'SUTAMARCHAN', 5, NULL, NULL),
(288, '15778', 'SUTATENZA', 5, NULL, NULL),
(289, '15790', 'TASCO', 5, NULL, NULL),
(290, '15798', 'TENZA', 5, NULL, NULL),
(291, '15804', 'TIBANA', 5, NULL, NULL),
(292, '15806', 'TIBASOSA', 5, NULL, NULL),
(293, '15808', 'TINJACA', 5, NULL, NULL),
(294, '15810', 'TIPACOQUE', 5, NULL, NULL),
(295, '15814', 'TOCA', 5, NULL, NULL),
(296, '15816', 'TOGsI', 5, NULL, NULL),
(297, '15820', 'TOPAGA', 5, NULL, NULL),
(298, '15822', 'TOTA', 5, NULL, NULL),
(299, '15832', 'TUNUNGUA', 5, NULL, NULL),
(300, '15835', 'TURMEQUE', 5, NULL, NULL),
(301, '15837', 'TUTA', 5, NULL, NULL),
(302, '15839', 'TUTAZA', 5, NULL, NULL),
(303, '15842', 'UMBITA', 5, NULL, NULL),
(304, '15861', 'VENTAQUEMADA', 5, NULL, NULL),
(305, '15879', 'VIRACACHA', 5, NULL, NULL),
(306, '15897', 'ZETAQUIRA', 5, NULL, NULL),
(307, '17001', 'MANIZALES', 6, NULL, NULL),
(308, '17013', 'AGUADAS', 6, NULL, NULL),
(309, '17042', 'ANSERMA', 6, NULL, NULL),
(310, '17050', 'ARANZAZU', 6, NULL, NULL),
(311, '17088', 'BELALCAZAR', 6, NULL, NULL),
(312, '17174', 'CHINCHINA', 6, NULL, NULL),
(313, '17272', 'FILADELFIA', 6, NULL, NULL),
(314, '17380', 'LA DORADA', 6, NULL, NULL),
(315, '17388', 'LA MERCED', 6, NULL, NULL),
(316, '17433', 'MANZANARES', 6, NULL, NULL),
(317, '17442', 'MARMATO', 6, NULL, NULL),
(318, '17444', 'MARQUETALIA', 6, NULL, NULL),
(319, '17446', 'MARULANDA', 6, NULL, NULL),
(320, '17486', 'NEIRA', 6, NULL, NULL),
(321, '17495', 'NORCASIA', 6, NULL, NULL),
(322, '17513', 'PACORA', 6, NULL, NULL),
(323, '17524', 'PALESTINA', 6, NULL, NULL),
(324, '17541', 'PENSILVANIA', 6, NULL, NULL),
(325, '17614', 'RIOSUCIO', 6, NULL, NULL),
(326, '17616', 'RISARALDA', 6, NULL, NULL),
(327, '17653', 'SALAMINA', 6, NULL, NULL),
(328, '17662', 'SAMANA', 6, NULL, NULL),
(329, '17665', 'SAN JOSE', 6, NULL, NULL),
(330, '17777', 'SUPIA', 6, NULL, NULL),
(331, '17867', 'VICTORIA', 6, NULL, NULL),
(332, '17873', 'VILLAMARIA', 6, NULL, NULL),
(333, '17877', 'VITERBO', 6, NULL, NULL),
(334, '18001', 'FLORENCIA', 7, NULL, NULL),
(335, '18029', 'ALBANIA', 7, NULL, NULL),
(336, '18094', 'BELEN DE LOS ANDAQUIES', 7, NULL, NULL),
(337, '18150', 'CARTAGENA DEL CHAIRA', 7, NULL, NULL),
(338, '18205', 'CURILLO', 7, NULL, NULL),
(339, '18247', 'EL DONCELLO', 7, NULL, NULL),
(340, '18256', 'EL PAUJIL', 7, NULL, NULL),
(341, '18410', 'LA MONTA??ITA', 7, NULL, NULL),
(342, '18460', 'MILAN', 7, NULL, NULL),
(343, '18479', 'MORELIA', 7, NULL, NULL),
(344, '18592', 'PUERTO RICO', 7, NULL, NULL),
(345, '18610', 'SAN JOSE DEL FRAGUA', 7, NULL, NULL),
(346, '18753', 'SAN VICENTE DEL CAGUAN', 7, NULL, NULL),
(347, '18756', 'SOLANO', 7, NULL, NULL),
(348, '18785', 'SOLITA', 7, NULL, NULL),
(349, '18860', 'VALPARAISO', 7, NULL, NULL),
(350, '19001', 'POPAYAN', 8, NULL, NULL),
(351, '19022', 'ALMAGUER', 8, NULL, NULL),
(352, '19050', 'ARGELIA', 8, NULL, NULL),
(353, '19075', 'BALBOA', 8, NULL, NULL),
(354, '19100', 'BOLIVAR', 8, NULL, NULL),
(355, '19110', 'BUENOS AIRES', 8, NULL, NULL),
(356, '19130', 'CAJIBIO', 8, NULL, NULL),
(357, '19137', 'CALDONO', 8, NULL, NULL),
(358, '19142', 'CALOTO', 8, NULL, NULL),
(359, '19212', 'CORINTO', 8, NULL, NULL),
(360, '19256', 'EL TAMBO', 8, NULL, NULL),
(361, '19290', 'FLORENCIA', 8, NULL, NULL),
(362, '19300', 'GUACHENE', 8, NULL, NULL),
(363, '19318', 'GUAPI', 8, NULL, NULL),
(364, '19355', 'INZA', 8, NULL, NULL),
(365, '19364', 'JAMBALO', 8, NULL, NULL),
(366, '19392', 'LA SIERRA', 8, NULL, NULL),
(367, '19397', 'LA VEGA', 8, NULL, NULL),
(368, '19418', 'LOPEZ', 8, NULL, NULL),
(369, '19450', 'MERCADERES', 8, NULL, NULL),
(370, '19455', 'MIRANDA', 8, NULL, NULL),
(371, '19473', 'MORALES', 8, NULL, NULL),
(372, '19513', 'PADILLA', 8, NULL, NULL),
(373, '19517', 'PAEZ', 8, NULL, NULL),
(374, '19532', 'PATIA', 8, NULL, NULL),
(375, '19533', 'PIAMONTE', 8, NULL, NULL),
(376, '19548', 'PIENDAMO', 8, NULL, NULL),
(377, '19573', 'PUERTO TEJADA', 8, NULL, NULL),
(378, '19585', 'PURACE', 8, NULL, NULL),
(379, '19622', 'ROSAS', 8, NULL, NULL),
(380, '19693', 'SAN SEBASTIAN', 8, NULL, NULL),
(381, '19698', 'SANTANDER DE QUILICHAO', 8, NULL, NULL),
(382, '19701', 'SANTA ROSA', 8, NULL, NULL),
(383, '19743', 'SILVIA', 8, NULL, NULL),
(384, '19760', 'SOTARA', 8, NULL, NULL),
(385, '19780', 'SUAREZ', 8, NULL, NULL),
(386, '19785', 'SUCRE', 8, NULL, NULL),
(387, '19807', 'TIMBIO', 8, NULL, NULL),
(388, '19809', 'TIMBIQUI', 8, NULL, NULL),
(389, '19821', 'TORIBIO', 8, NULL, NULL),
(390, '19824', 'TOTORO', 8, NULL, NULL),
(391, '19845', 'VILLA RICA', 8, NULL, NULL),
(392, '20001', 'VALLEDUPAR', 9, NULL, NULL),
(393, '20011', 'AGUACHICA', 9, NULL, NULL),
(394, '20013', 'AGUSTIN CODAZZI', 9, NULL, NULL),
(395, '20032', 'ASTREA', 9, NULL, NULL),
(396, '20045', 'BECERRIL', 9, NULL, NULL),
(397, '20060', 'BOSCONIA', 9, NULL, NULL),
(398, '20175', 'CHIMICHAGUA', 9, NULL, NULL),
(399, '20178', 'CHIRIGUANA', 9, NULL, NULL),
(400, '20228', 'CURUMANI', 9, NULL, NULL),
(401, '20238', 'EL COPEY', 9, NULL, NULL),
(402, '20250', 'EL PASO', 9, NULL, NULL),
(403, '20295', 'GAMARRA', 9, NULL, NULL),
(404, '20310', 'GONZALEZ', 9, NULL, NULL),
(405, '20383', 'LA GLORIA', 9, NULL, NULL),
(406, '20400', 'LA JAGUA DE IBIRICO', 9, NULL, NULL),
(407, '20443', 'MANAURE', 9, NULL, NULL),
(408, '20517', 'PAILITAS', 9, NULL, NULL),
(409, '20550', 'PELAYA', 9, NULL, NULL),
(410, '20570', 'PUEBLO BELLO', 9, NULL, NULL),
(411, '20614', 'RIO DE ORO', 9, NULL, NULL),
(412, '20621', 'LA PAZ', 9, NULL, NULL),
(413, '20710', 'SAN ALBERTO', 9, NULL, NULL),
(414, '20750', 'SAN DIEGO', 9, NULL, NULL),
(415, '20770', 'SAN MARTIN', 9, NULL, NULL),
(416, '20787', 'TAMALAMEQUE', 9, NULL, NULL),
(417, '23001', 'MONTERIA', 10, NULL, NULL),
(418, '23068', 'AYAPEL', 10, NULL, NULL),
(419, '23079', 'BUENAVISTA', 10, NULL, NULL),
(420, '23090', 'CANALETE', 10, NULL, NULL),
(421, '23162', 'CERETE', 10, NULL, NULL),
(422, '23168', 'CHIMA', 10, NULL, NULL),
(423, '23182', 'CHINU', 10, NULL, NULL),
(424, '23189', 'CIENAGA DE ORO', 10, NULL, NULL),
(425, '23300', 'COTORRA', 10, NULL, NULL),
(426, '23350', 'LA APARTADA', 10, NULL, NULL),
(427, '23417', 'LORICA', 10, NULL, NULL),
(428, '23419', 'LOS CORDOBAS', 10, NULL, NULL),
(429, '23464', 'MOMIL', 10, NULL, NULL),
(430, '23466', 'MONTELIBANO', 10, NULL, NULL),
(431, '23500', 'MO??ITOS', 10, NULL, NULL),
(432, '23555', 'PLANETA RICA', 10, NULL, NULL),
(433, '23570', 'PUEBLO NUEVO', 10, NULL, NULL),
(434, '23574', 'PUERTO ESCONDIDO', 10, NULL, NULL),
(435, '23580', 'PUERTO LIBERTADOR', 10, NULL, NULL),
(436, '23586', 'PURISIMA', 10, NULL, NULL),
(437, '23660', 'SAHAGUN', 10, NULL, NULL),
(438, '23670', 'SAN ANDRES SOTAVENTO', 10, NULL, NULL),
(439, '23672', 'SAN ANTERO', 10, NULL, NULL),
(440, '23675', 'SAN BERNARDO DEL VIENTO', 10, NULL, NULL),
(441, '23678', 'SAN CARLOS', 10, NULL, NULL),
(442, '23686', 'SAN PELAYO', 10, NULL, NULL),
(443, '23807', 'TIERRALTA', 10, NULL, NULL),
(444, '23855', 'VALENCIA', 10, NULL, NULL),
(445, '25001', 'AGUA DE DIOS', 11, NULL, NULL),
(446, '25019', 'ALBAN', 11, NULL, NULL),
(447, '25035', 'ANAPOIMA', 11, NULL, NULL),
(448, '25040', 'ANOLAIMA', 11, NULL, NULL),
(449, '25053', 'ARBELAEZ', 11, NULL, NULL),
(450, '25086', 'BELTRAN', 11, NULL, NULL),
(451, '25095', 'BITUIMA', 11, NULL, NULL),
(452, '25099', 'BOJACA', 11, NULL, NULL),
(453, '25120', 'CABRERA', 11, NULL, NULL),
(454, '25123', 'CACHIPAY', 11, NULL, NULL),
(455, '25126', 'CAJICA', 11, NULL, NULL),
(456, '25148', 'CAPARRAPI', 11, NULL, NULL),
(457, '25151', 'CAQUEZA', 11, NULL, NULL),
(458, '25154', 'CARMEN DE CARUPA', 11, NULL, NULL),
(459, '25168', 'CHAGUANI', 11, NULL, NULL),
(460, '25175', 'CHIA', 11, NULL, NULL),
(461, '25178', 'CHIPAQUE', 11, NULL, NULL),
(462, '25181', 'CHOACHI', 11, NULL, NULL),
(463, '25183', 'CHOCONTA', 11, NULL, NULL),
(464, '25200', 'COGUA', 11, NULL, NULL),
(465, '25214', 'COTA', 11, NULL, NULL),
(466, '25224', 'CUCUNUBA', 11, NULL, NULL),
(467, '25245', 'EL COLEGIO', 11, NULL, NULL),
(468, '25258', 'EL PE??ON', 11, NULL, NULL),
(469, '25260', 'EL ROSAL', 11, NULL, NULL),
(470, '25269', 'FACATATIVA', 11, NULL, NULL),
(471, '25279', 'FOMEQUE', 11, NULL, NULL),
(472, '25281', 'FOSCA', 11, NULL, NULL),
(473, '25286', 'FUNZA', 11, NULL, NULL),
(474, '25288', 'FUQUENE', 11, NULL, NULL),
(475, '25290', 'FUSAGASUGA', 11, NULL, NULL),
(476, '25293', 'GACHALA', 11, NULL, NULL),
(477, '25295', 'GACHANCIPA', 11, NULL, NULL),
(478, '25297', 'GACHETA', 11, NULL, NULL),
(479, '25299', 'GAMA', 11, NULL, NULL),
(480, '25307', 'GIRARDOT', 11, NULL, NULL),
(481, '25312', 'GRANADA', 11, NULL, NULL),
(482, '25317', 'GUACHETA', 11, NULL, NULL),
(483, '25320', 'GUADUAS', 11, NULL, NULL),
(484, '25322', 'GUASCA', 11, NULL, NULL),
(485, '25324', 'GUATAQUI', 11, NULL, NULL),
(486, '25326', 'GUATAVITA', 11, NULL, NULL),
(487, '25328', 'GUAYABAL DE SIQUIMA', 11, NULL, NULL),
(488, '25335', 'GUAYABETAL', 11, NULL, NULL),
(489, '25339', 'GUTIERREZ', 11, NULL, NULL),
(490, '25368', 'JERUSALEN', 11, NULL, NULL),
(491, '25372', 'JUNIN', 11, NULL, NULL),
(492, '25377', 'LA CALERA', 11, NULL, NULL),
(493, '25386', 'LA MESA', 11, NULL, NULL),
(494, '25394', 'LA PALMA', 11, NULL, NULL),
(495, '25398', 'LA PE??A', 11, NULL, NULL),
(496, '25402', 'LA VEGA', 11, NULL, NULL),
(497, '25407', 'LENGUAZAQUE', 11, NULL, NULL),
(498, '25426', 'MACHETA', 11, NULL, NULL),
(499, '25430', 'MADRID', 11, NULL, NULL),
(500, '25436', 'MANTA', 11, NULL, NULL),
(501, '25438', 'MEDINA', 11, NULL, NULL),
(502, '25473', 'MOSQUERA', 11, NULL, NULL),
(503, '25483', 'NARI??O', 11, NULL, NULL),
(504, '25486', 'NEMOCON', 11, NULL, NULL),
(505, '25488', 'NILO', 11, NULL, NULL),
(506, '25489', 'NIMAIMA', 11, NULL, NULL),
(507, '25491', 'NOCAIMA', 11, NULL, NULL),
(508, '25506', 'VENECIA', 11, NULL, NULL),
(509, '25513', 'PACHO', 11, NULL, NULL),
(510, '25518', 'PAIME', 11, NULL, NULL),
(511, '25524', 'PANDI', 11, NULL, NULL),
(512, '25530', 'PARATEBUENO', 11, NULL, NULL),
(513, '25535', 'PASCA', 11, NULL, NULL),
(514, '25572', 'PUERTO SALGAR', 11, NULL, NULL),
(515, '25580', 'PULI', 11, NULL, NULL),
(516, '25592', 'QUEBRADANEGRA', 11, NULL, NULL),
(517, '25594', 'QUETAME', 11, NULL, NULL),
(518, '25596', 'QUIPILE', 11, NULL, NULL),
(519, '25599', 'APULO', 11, NULL, NULL),
(520, '25612', 'RICAURTE', 11, NULL, NULL),
(521, '25645', 'SAN ANTONIO DEL TEQUENDAMA', 11, NULL, NULL),
(522, '25649', 'SAN BERNARDO', 11, NULL, NULL),
(523, '25653', 'SAN CAYETANO', 11, NULL, NULL),
(524, '25658', 'SAN FRANCISCO', 11, NULL, NULL),
(525, '25662', 'SAN JUAN DE RIO SECO', 11, NULL, NULL),
(526, '25718', 'SASAIMA', 11, NULL, NULL),
(527, '25736', 'SESQUILE', 11, NULL, NULL),
(528, '25740', 'SIBATE', 11, NULL, NULL),
(529, '25743', 'SILVANIA', 11, NULL, NULL),
(530, '25745', 'SIMIJACA', 11, NULL, NULL),
(531, '25754', 'SOACHA', 11, NULL, NULL),
(532, '25758', 'SOPO', 11, NULL, NULL),
(533, '25769', 'SUBACHOQUE', 11, NULL, NULL),
(534, '25772', 'SUESCA', 11, NULL, NULL),
(535, '25777', 'SUPATA', 11, NULL, NULL),
(536, '25779', 'SUSA', 11, NULL, NULL),
(537, '25781', 'SUTATAUSA', 11, NULL, NULL),
(538, '25785', 'TABIO', 11, NULL, NULL),
(539, '25793', 'TAUSA', 11, NULL, NULL),
(540, '25797', 'TENA', 11, NULL, NULL),
(541, '25799', 'TENJO', 11, NULL, NULL),
(542, '25805', 'TIBACUY', 11, NULL, NULL),
(543, '25807', 'TIBIRITA', 11, NULL, NULL),
(544, '25815', 'TOCAIMA', 11, NULL, NULL),
(545, '25817', 'TOCANCIPA', 11, NULL, NULL),
(546, '25823', 'TOPAIPI', 11, NULL, NULL),
(547, '25839', 'UBALA', 11, NULL, NULL),
(548, '25841', 'UBAQUE', 11, NULL, NULL),
(549, '25843', 'VILLA DE SAN DIEGO DE UBATE', 11, NULL, NULL),
(550, '25845', 'UNE', 11, NULL, NULL),
(551, '25851', 'UTICA', 11, NULL, NULL),
(552, '25862', 'VERGARA', 11, NULL, NULL),
(553, '25867', 'VIANI', 11, NULL, NULL),
(554, '25871', 'VILLAGOMEZ', 11, NULL, NULL),
(555, '25873', 'VILLAPINZON', 11, NULL, NULL),
(556, '25875', 'VILLETA', 11, NULL, NULL),
(557, '25878', 'VIOTA', 11, NULL, NULL),
(558, '25885', 'YACOPI', 11, NULL, NULL),
(559, '25898', 'ZIPACON', 11, NULL, NULL),
(560, '25899', 'ZIPAQUIRA', 11, NULL, NULL),
(561, '27001', 'QUIBDO', 12, NULL, NULL),
(562, '27006', 'ACANDI', 12, NULL, NULL),
(563, '27025', 'ALTO BAUDO', 12, NULL, NULL),
(564, '27050', 'ATRATO', 12, NULL, NULL),
(565, '27073', 'BAGADO', 12, NULL, NULL),
(566, '27075', 'BAHIA SOLANO', 12, NULL, NULL),
(567, '27077', 'BAJO BAUDO', 12, NULL, NULL),
(568, '27099', 'BOJAYA', 12, NULL, NULL),
(569, '27135', 'EL CANTON DEL SAN PABLO', 12, NULL, NULL),
(570, '27150', 'CARMEN DEL DARIEN', 12, NULL, NULL),
(571, '27160', 'CERTEGUI', 12, NULL, NULL),
(572, '27205', 'CONDOTO', 12, NULL, NULL),
(573, '27245', 'EL CARMEN DE ATRATO', 12, NULL, NULL),
(574, '27250', 'EL LITORAL DEL SAN JUAN', 12, NULL, NULL),
(575, '27361', 'ISTMINA', 12, NULL, NULL),
(576, '27372', 'JURADO', 12, NULL, NULL),
(577, '27413', 'LLORO', 12, NULL, NULL),
(578, '27425', 'MEDIO ATRATO', 12, NULL, NULL),
(579, '27430', 'MEDIO BAUDO', 12, NULL, NULL),
(580, '27450', 'MEDIO SAN JUAN', 12, NULL, NULL),
(581, '27491', 'NOVITA', 12, NULL, NULL),
(582, '27495', 'NUQUI', 12, NULL, NULL),
(583, '27580', 'RIO IRO', 12, NULL, NULL),
(584, '27600', 'RIO QUITO', 12, NULL, NULL),
(585, '27615', 'RIOSUCIO', 12, NULL, NULL),
(586, '27660', 'SAN JOSE DEL PALMAR', 12, NULL, NULL),
(587, '27745', 'SIPI', 12, NULL, NULL),
(588, '27787', 'TADO', 12, NULL, NULL),
(589, '27800', 'UNGUIA', 12, NULL, NULL),
(590, '27810', 'UNION PANAMERICANA', 12, NULL, NULL),
(591, '41001', 'NEIVA', 13, NULL, NULL),
(592, '41006', 'ACEVEDO', 13, NULL, NULL),
(593, '41013', 'AGRADO', 13, NULL, NULL),
(594, '41016', 'AIPE', 13, NULL, NULL),
(595, '41020', 'ALGECIRAS', 13, NULL, NULL),
(596, '41026', 'ALTAMIRA', 13, NULL, NULL),
(597, '41078', 'BARAYA', 13, NULL, NULL),
(598, '41132', 'CAMPOALEGRE', 13, NULL, NULL),
(599, '41206', 'COLOMBIA', 13, NULL, NULL),
(600, '41244', 'ELIAS', 13, NULL, NULL),
(601, '41298', 'GARZON', 13, NULL, NULL),
(602, '41306', 'GIGANTE', 13, NULL, NULL),
(603, '41319', 'GUADALUPE', 13, NULL, NULL),
(604, '41349', 'HOBO', 13, NULL, NULL),
(605, '41357', 'IQUIRA', 13, NULL, NULL),
(606, '41359', 'ISNOS', 13, NULL, NULL),
(607, '41378', 'LA ARGENTINA', 13, NULL, NULL),
(608, '41396', 'LA PLATA', 13, NULL, NULL),
(609, '41483', 'NATAGA', 13, NULL, NULL),
(610, '41503', 'OPORAPA', 13, NULL, NULL),
(611, '41518', 'PAICOL', 13, NULL, NULL),
(612, '41524', 'PALERMO', 13, NULL, NULL),
(613, '41530', 'PALESTINA', 13, NULL, NULL),
(614, '41548', 'PITAL', 13, NULL, NULL),
(615, '41551', 'PITALITO', 13, NULL, NULL),
(616, '41615', 'RIVERA', 13, NULL, NULL),
(617, '41660', 'SALADOBLANCO', 13, NULL, NULL),
(618, '41668', 'SAN AGUSTIN', 13, NULL, NULL),
(619, '41676', 'SANTA MARIA', 13, NULL, NULL),
(620, '41770', 'SUAZA', 13, NULL, NULL),
(621, '41791', 'TARQUI', 13, NULL, NULL),
(622, '41797', 'TESALIA', 13, NULL, NULL),
(623, '41799', 'TELLO', 13, NULL, NULL),
(624, '41801', 'TERUEL', 13, NULL, NULL),
(625, '41807', 'TIMANA', 13, NULL, NULL),
(626, '41872', 'VILLAVIEJA', 13, NULL, NULL),
(627, '41885', 'YAGUARA', 13, NULL, NULL),
(628, '44001', 'RIOHACHA', 14, NULL, NULL),
(629, '44035', 'ALBANIA', 14, NULL, NULL),
(630, '44078', 'BARRANCAS', 14, NULL, NULL),
(631, '44090', 'DIBULLA', 14, NULL, NULL),
(632, '44098', 'DISTRACCION', 14, NULL, NULL),
(633, '44110', 'EL MOLINO', 14, NULL, NULL),
(634, '44279', 'FONSECA', 14, NULL, NULL),
(635, '44378', 'HATONUEVO', 14, NULL, NULL),
(636, '44420', 'LA JAGUA DEL PILAR', 14, NULL, NULL),
(637, '44430', 'MAICAO', 14, NULL, NULL),
(638, '44560', 'MANAURE', 14, NULL, NULL),
(639, '44650', 'SAN JUAN DEL CESAR', 14, NULL, NULL),
(640, '44847', 'URIBIA', 14, NULL, NULL),
(641, '44855', 'URUMITA', 14, NULL, NULL),
(642, '44874', 'VILLANUEVA', 14, NULL, NULL),
(643, '47001', 'SANTA MARTA', 15, NULL, NULL),
(644, '47030', 'ALGARROBO', 15, NULL, NULL),
(645, '47053', 'ARACATACA', 15, NULL, NULL),
(646, '47058', 'ARIGUANI', 15, NULL, NULL),
(647, '47161', 'CERRO SAN ANTONIO', 15, NULL, NULL),
(648, '47170', 'CHIBOLO', 15, NULL, NULL),
(649, '47189', 'CIENAGA', 15, NULL, NULL),
(650, '47205', 'CONCORDIA', 15, NULL, NULL),
(651, '47245', 'EL BANCO', 15, NULL, NULL),
(652, '47258', 'EL PI??ON', 15, NULL, NULL),
(653, '47268', 'EL RETEN', 15, NULL, NULL),
(654, '47288', 'FUNDACION', 15, NULL, NULL),
(655, '47318', 'GUAMAL', 15, NULL, NULL),
(656, '47460', 'NUEVA GRANADA', 15, NULL, NULL),
(657, '47541', 'PEDRAZA', 15, NULL, NULL),
(658, '47545', 'PIJI??O DEL CARMEN', 15, NULL, NULL),
(659, '47551', 'PIVIJAY', 15, NULL, NULL),
(660, '47555', 'PLATO', 15, NULL, NULL),
(661, '47570', 'PUEBLOVIEJO', 15, NULL, NULL),
(662, '47605', 'REMOLINO', 15, NULL, NULL),
(663, '47660', 'SABANAS DE SAN ANGEL', 15, NULL, NULL),
(664, '47675', 'SALAMINA', 15, NULL, NULL),
(665, '47692', 'SAN SEBASTIAN DE BUENAVISTA', 15, NULL, NULL),
(666, '47703', 'SAN ZENON', 15, NULL, NULL),
(667, '47707', 'SANTA ANA', 15, NULL, NULL),
(668, '47720', 'SANTA BARBARA DE PINTO', 15, NULL, NULL),
(669, '47745', 'SITIONUEVO', 15, NULL, NULL),
(670, '47798', 'TENERIFE', 15, NULL, NULL),
(671, '47960', 'ZAPAYAN', 15, NULL, NULL),
(672, '47980', 'ZONA BANANERA', 15, NULL, NULL),
(673, '50001', 'VILLAVICENCIO', 16, NULL, NULL),
(674, '50006', 'ACACIAS', 16, NULL, NULL),
(675, '50110', 'BARRANCA DE UPIA', 16, NULL, NULL),
(676, '50124', 'CABUYARO', 16, NULL, NULL),
(677, '50150', 'CASTILLA LA NUEVA', 16, NULL, NULL),
(678, '50223', 'CUBARRAL', 16, NULL, NULL),
(679, '50226', 'CUMARAL', 16, NULL, NULL),
(680, '50245', 'EL CALVARIO', 16, NULL, NULL),
(681, '50251', 'EL CASTILLO', 16, NULL, NULL),
(682, '50270', 'EL DORADO', 16, NULL, NULL),
(683, '50287', 'FUENTE DE ORO', 16, NULL, NULL),
(684, '50313', 'GRANADA', 16, NULL, NULL),
(685, '50318', 'GUAMAL', 16, NULL, NULL),
(686, '50325', 'MAPIRIPAN', 16, NULL, NULL),
(687, '50330', 'MESETAS', 16, NULL, NULL),
(688, '50350', 'LA MACARENA', 16, NULL, NULL),
(689, '50370', 'URIBE', 16, NULL, NULL),
(690, '50400', 'LEJANIAS', 16, NULL, NULL),
(691, '50450', 'PUERTO CONCORDIA', 16, NULL, NULL),
(692, '50568', 'PUERTO GAITAN', 16, NULL, NULL),
(693, '50573', 'PUERTO LOPEZ', 16, NULL, NULL),
(694, '50577', 'PUERTO LLERAS', 16, NULL, NULL),
(695, '50590', 'PUERTO RICO', 16, NULL, NULL),
(696, '50606', 'RESTREPO', 16, NULL, NULL),
(697, '50680', 'SAN CARLOS DE GUAROA', 16, NULL, NULL),
(698, '50683', 'SAN JUAN DE ARAMA', 16, NULL, NULL),
(699, '50686', 'SAN JUANITO', 16, NULL, NULL),
(700, '50689', 'SAN MARTIN', 16, NULL, NULL),
(701, '50711', 'VISTAHERMOSA', 16, NULL, NULL),
(702, '52001', 'PASTO', 17, NULL, NULL),
(703, '52019', 'ALBAN', 17, NULL, NULL),
(704, '52022', 'ALDANA', 17, NULL, NULL),
(705, '52036', 'ANCUYA', 17, NULL, NULL),
(706, '52051', 'ARBOLEDA', 17, NULL, NULL),
(707, '52079', 'BARBACOAS', 17, NULL, NULL),
(708, '52083', 'BELEN', 17, NULL, NULL),
(709, '52110', 'BUESACO', 17, NULL, NULL),
(710, '52203', 'COLON', 17, NULL, NULL),
(711, '52207', 'CONSACA', 17, NULL, NULL),
(712, '52210', 'CONTADERO', 17, NULL, NULL),
(713, '52215', 'CORDOBA', 17, NULL, NULL),
(714, '52224', 'CUASPUD', 17, NULL, NULL),
(715, '52227', 'CUMBAL', 17, NULL, NULL),
(716, '52233', 'CUMBITARA', 17, NULL, NULL),
(717, '52240', 'CHACHAGsI', 17, NULL, NULL),
(718, '52250', 'EL CHARCO', 17, NULL, NULL),
(719, '52254', 'EL PE??OL', 17, NULL, NULL),
(720, '52256', 'EL ROSARIO', 17, NULL, NULL),
(721, '52258', 'EL TABLON DE GOMEZ', 17, NULL, NULL),
(722, '52260', 'EL TAMBO', 17, NULL, NULL),
(723, '52287', 'FUNES', 17, NULL, NULL),
(724, '52317', 'GUACHUCAL', 17, NULL, NULL),
(725, '52320', 'GUAITARILLA', 17, NULL, NULL),
(726, '52323', 'GUALMATAN', 17, NULL, NULL),
(727, '52352', 'ILES', 17, NULL, NULL),
(728, '52354', 'IMUES', 17, NULL, NULL),
(729, '52356', 'IPIALES', 17, NULL, NULL),
(730, '52378', 'LA CRUZ', 17, NULL, NULL),
(731, '52381', 'LA FLORIDA', 17, NULL, NULL),
(732, '52385', 'LA LLANADA', 17, NULL, NULL),
(733, '52390', 'LA TOLA', 17, NULL, NULL),
(734, '52399', 'LA UNION', 17, NULL, NULL),
(735, '52405', 'LEIVA', 17, NULL, NULL),
(736, '52411', 'LINARES', 17, NULL, NULL),
(737, '52418', 'LOS ANDES', 17, NULL, NULL),
(738, '52427', 'MAGsI', 17, NULL, NULL),
(739, '52435', 'MALLAMA', 17, NULL, NULL),
(740, '52473', 'MOSQUERA', 17, NULL, NULL),
(741, '52480', 'NARI??O', 17, NULL, NULL),
(742, '52490', 'OLAYA HERRERA', 17, NULL, NULL),
(743, '52506', 'OSPINA', 17, NULL, NULL),
(744, '52520', 'FRANCISCO PIZARRO', 17, NULL, NULL),
(745, '52540', 'POLICARPA', 17, NULL, NULL),
(746, '52560', 'POTOSI', 17, NULL, NULL),
(747, '52565', 'PROVIDENCIA', 17, NULL, NULL),
(748, '52573', 'PUERRES', 17, NULL, NULL),
(749, '52585', 'PUPIALES', 17, NULL, NULL),
(750, '52612', 'RICAURTE', 17, NULL, NULL),
(751, '52621', 'ROBERTO PAYAN', 17, NULL, NULL),
(752, '52678', 'SAMANIEGO', 17, NULL, NULL),
(753, '52683', 'SANDONA', 17, NULL, NULL),
(754, '52685', 'SAN BERNARDO', 17, NULL, NULL),
(755, '52687', 'SAN LORENZO', 17, NULL, NULL),
(756, '52693', 'SAN PABLO', 17, NULL, NULL),
(757, '52694', 'SAN PEDRO DE CARTAGO', 17, NULL, NULL),
(758, '52696', 'SANTA BARBARA', 17, NULL, NULL),
(759, '52699', 'SANTACRUZ', 17, NULL, NULL),
(760, '52720', 'SAPUYES', 17, NULL, NULL),
(761, '52786', 'TAMINANGO', 17, NULL, NULL),
(762, '52788', 'TANGUA', 17, NULL, NULL),
(763, '52835', 'SAN ANDRES DE TUMACO', 17, NULL, NULL),
(764, '52838', 'TUQUERRES', 17, NULL, NULL),
(765, '52885', 'YACUANQUER', 17, NULL, NULL),
(766, '54001', 'CUCUTA', 18, NULL, NULL),
(767, '54003', 'ABREGO', 18, NULL, NULL),
(768, '54051', 'ARBOLEDAS', 18, NULL, NULL),
(769, '54099', 'BOCHALEMA', 18, NULL, NULL),
(770, '54109', 'BUCARASICA', 18, NULL, NULL),
(771, '54125', 'CACOTA', 18, NULL, NULL),
(772, '54128', 'CACHIRA', 18, NULL, NULL),
(773, '54172', 'CHINACOTA', 18, NULL, NULL),
(774, '54174', 'CHITAGA', 18, NULL, NULL),
(775, '54206', 'CONVENCION', 18, NULL, NULL),
(776, '54223', 'CUCUTILLA', 18, NULL, NULL),
(777, '54239', 'DURANIA', 18, NULL, NULL),
(778, '54245', 'EL CARMEN', 18, NULL, NULL),
(779, '54250', 'EL TARRA', 18, NULL, NULL),
(780, '54261', 'EL ZULIA', 18, NULL, NULL),
(781, '54313', 'GRAMALOTE', 18, NULL, NULL),
(782, '54344', 'HACARI', 18, NULL, NULL),
(783, '54347', 'HERRAN', 18, NULL, NULL),
(784, '54377', 'LABATECA', 18, NULL, NULL),
(785, '54385', 'LA ESPERANZA', 18, NULL, NULL),
(786, '54398', 'LA PLAYA', 18, NULL, NULL),
(787, '54405', 'LOS PATIOS', 18, NULL, NULL),
(788, '54418', 'LOURDES', 18, NULL, NULL),
(789, '54480', 'MUTISCUA', 18, NULL, NULL),
(790, '54498', 'OCA??A', 18, NULL, NULL),
(791, '54518', 'PAMPLONA', 18, NULL, NULL),
(792, '54520', 'PAMPLONITA', 18, NULL, NULL),
(793, '54553', 'PUERTO SANTANDER', 18, NULL, NULL),
(794, '54599', 'RAGONVALIA', 18, NULL, NULL),
(795, '54660', 'SALAZAR', 18, NULL, NULL),
(796, '54670', 'SAN CALIXTO', 18, NULL, NULL),
(797, '54673', 'SAN CAYETANO', 18, NULL, NULL),
(798, '54680', 'SANTIAGO', 18, NULL, NULL),
(799, '54720', 'SARDINATA', 18, NULL, NULL),
(800, '54743', 'SILOS', 18, NULL, NULL),
(801, '54800', 'TEORAMA', 18, NULL, NULL),
(802, '54810', 'TIBU', 18, NULL, NULL),
(803, '54820', 'TOLEDO', 18, NULL, NULL),
(804, '54871', 'VILLA CARO', 18, NULL, NULL),
(805, '54874', 'VILLA DEL ROSARIO', 18, NULL, NULL),
(806, '63001', 'ARMENIA', 19, NULL, NULL),
(807, '63111', 'BUENAVISTA', 19, NULL, NULL),
(808, '63130', 'CALARCA', 19, NULL, NULL),
(809, '63190', 'CIRCASIA', 19, NULL, NULL),
(810, '63212', 'CORDOBA', 19, NULL, NULL),
(811, '63272', 'FILANDIA', 19, NULL, NULL),
(812, '63302', 'GENOVA', 19, NULL, NULL),
(813, '63401', 'LA TEBAIDA', 19, NULL, NULL),
(814, '63470', 'MONTENEGRO', 19, NULL, NULL),
(815, '63548', 'PIJAO', 19, NULL, NULL),
(816, '63594', 'QUIMBAYA', 19, NULL, NULL),
(817, '63690', 'SALENTO', 19, NULL, NULL),
(818, '66001', 'PEREIRA', 20, NULL, NULL),
(819, '66045', 'APIA', 20, NULL, NULL),
(820, '66075', 'BALBOA', 20, NULL, NULL),
(821, '66088', 'BELEN DE UMBRIA', 20, NULL, NULL),
(822, '66170', 'DOSQUEBRADAS', 20, NULL, NULL),
(823, '66318', 'GUATICA', 20, NULL, NULL),
(824, '66383', 'LA CELIA', 20, NULL, NULL),
(825, '66400', 'LA VIRGINIA', 20, NULL, NULL),
(826, '66440', 'MARSELLA', 20, NULL, NULL),
(827, '66456', 'MISTRATO', 20, NULL, NULL),
(828, '66572', 'PUEBLO RICO', 20, NULL, NULL),
(829, '66594', 'QUINCHIA', 20, NULL, NULL),
(830, '66682', 'SANTA ROSA DE CABAL', 20, NULL, NULL),
(831, '66687', 'SANTUARIO', 20, NULL, NULL),
(832, '68001', 'BUCARAMANGA', 21, NULL, NULL),
(833, '68013', 'AGUADA', 21, NULL, NULL),
(834, '68020', 'ALBANIA', 21, NULL, NULL),
(835, '68051', 'ARATOCA', 21, NULL, NULL),
(836, '68077', 'BARBOSA', 21, NULL, NULL),
(837, '68079', 'BARICHARA', 21, NULL, NULL),
(838, '68081', 'BARRANCABERMEJA', 21, NULL, NULL),
(839, '68092', 'BETULIA', 21, NULL, NULL),
(840, '68101', 'BOLIVAR', 21, NULL, NULL),
(841, '68121', 'CABRERA', 21, NULL, NULL),
(842, '68132', 'CALIFORNIA', 21, NULL, NULL),
(843, '68147', 'CAPITANEJO', 21, NULL, NULL),
(844, '68152', 'CARCASI', 21, NULL, NULL),
(845, '68160', 'CEPITA', 21, NULL, NULL),
(846, '68162', 'CERRITO', 21, NULL, NULL),
(847, '68167', 'CHARALA', 21, NULL, NULL),
(848, '68169', 'CHARTA', 21, NULL, NULL),
(849, '68176', 'CHIMA', 21, NULL, NULL),
(850, '68179', 'CHIPATA', 21, NULL, NULL),
(851, '68190', 'CIMITARRA', 21, NULL, NULL),
(852, '68207', 'CONCEPCION', 21, NULL, NULL),
(853, '68209', 'CONFINES', 21, NULL, NULL),
(854, '68211', 'CONTRATACION', 21, NULL, NULL),
(855, '68217', 'COROMORO', 21, NULL, NULL),
(856, '68229', 'CURITI', 21, NULL, NULL),
(857, '68235', 'EL CARMEN DE CHUCURI', 21, NULL, NULL),
(858, '68245', 'EL GUACAMAYO', 21, NULL, NULL),
(859, '68250', 'EL PE??ON', 21, NULL, NULL),
(860, '68255', 'EL PLAYON', 21, NULL, NULL),
(861, '68264', 'ENCINO', 21, NULL, NULL),
(862, '68266', 'ENCISO', 21, NULL, NULL),
(863, '68271', 'FLORIAN', 21, NULL, NULL),
(864, '68276', 'FLORIDABLANCA', 21, NULL, NULL),
(865, '68296', 'GALAN', 21, NULL, NULL),
(866, '68298', 'GAMBITA', 21, NULL, NULL),
(867, '68307', 'GIRON', 21, NULL, NULL),
(868, '68318', 'GUACA', 21, NULL, NULL),
(869, '68320', 'GUADALUPE', 21, NULL, NULL),
(870, '68322', 'GUAPOTA', 21, NULL, NULL),
(871, '68324', 'GUAVATA', 21, NULL, NULL),
(872, '68327', 'GsEPSA', 21, NULL, NULL),
(873, '68344', 'HATO', 21, NULL, NULL),
(874, '68368', 'JESUS MARIA', 21, NULL, NULL),
(875, '68370', 'JORDAN', 21, NULL, NULL),
(876, '68377', 'LA BELLEZA', 21, NULL, NULL),
(877, '68385', 'LANDAZURI', 21, NULL, NULL),
(878, '68397', 'LA PAZ', 21, NULL, NULL),
(879, '68406', 'LEBRIJA', 21, NULL, NULL),
(880, '68418', 'LOS SANTOS', 21, NULL, NULL),
(881, '68425', 'MACARAVITA', 21, NULL, NULL),
(882, '68432', 'MALAGA', 21, NULL, NULL),
(883, '68444', 'MATANZA', 21, NULL, NULL),
(884, '68464', 'MOGOTES', 21, NULL, NULL),
(885, '68468', 'MOLAGAVITA', 21, NULL, NULL),
(886, '68498', 'OCAMONTE', 21, NULL, NULL),
(887, '68500', 'OIBA', 21, NULL, NULL),
(888, '68502', 'ONZAGA', 21, NULL, NULL),
(889, '68522', 'PALMAR', 21, NULL, NULL),
(890, '68524', 'PALMAS DEL SOCORRO', 21, NULL, NULL),
(891, '68533', 'PARAMO', 21, NULL, NULL),
(892, '68547', 'PIEDECUESTA', 21, NULL, NULL),
(893, '68549', 'PINCHOTE', 21, NULL, NULL),
(894, '68572', 'PUENTE NACIONAL', 21, NULL, NULL),
(895, '68573', 'PUERTO PARRA', 21, NULL, NULL),
(896, '68575', 'PUERTO WILCHES', 21, NULL, NULL),
(897, '68615', 'RIONEGRO', 21, NULL, NULL),
(898, '68655', 'SABANA DE TORRES', 21, NULL, NULL),
(899, '68669', 'SAN ANDRES', 21, NULL, NULL),
(900, '68673', 'SAN BENITO', 21, NULL, NULL),
(901, '68679', 'SAN GIL', 21, NULL, NULL),
(902, '68682', 'SAN JOAQUIN', 21, NULL, NULL),
(903, '68684', 'SAN JOSE DE MIRANDA', 21, NULL, NULL),
(904, '68686', 'SAN MIGUEL', 21, NULL, NULL),
(905, '68689', 'SAN VICENTE DE CHUCURI', 21, NULL, NULL),
(906, '68705', 'SANTA BARBARA', 21, NULL, NULL),
(907, '68720', 'SANTA HELENA DEL OPON', 21, NULL, NULL),
(908, '68745', 'SIMACOTA', 21, NULL, NULL),
(909, '68755', 'SOCORRO', 21, NULL, NULL),
(910, '68770', 'SUAITA', 21, NULL, NULL),
(911, '68773', 'SUCRE', 21, NULL, NULL),
(912, '68780', 'SURATA', 21, NULL, NULL),
(913, '68820', 'TONA', 21, NULL, NULL),
(914, '68855', 'VALLE DE SAN JOSE', 21, NULL, NULL),
(915, '68861', 'VELEZ', 21, NULL, NULL),
(916, '68867', 'VETAS', 21, NULL, NULL),
(917, '68872', 'VILLANUEVA', 21, NULL, NULL),
(918, '68895', 'ZAPATOCA', 21, NULL, NULL),
(919, '70001', 'SINCELEJO', 22, NULL, NULL),
(920, '70110', 'BUENAVISTA', 22, NULL, NULL),
(921, '70124', 'CAIMITO', 22, NULL, NULL),
(922, '70204', 'COLOSO', 22, NULL, NULL),
(923, '70215', 'COROZAL', 22, NULL, NULL),
(924, '70221', 'COVE??AS', 22, NULL, NULL),
(925, '70230', 'CHALAN', 22, NULL, NULL),
(926, '70233', 'EL ROBLE', 22, NULL, NULL),
(927, '70235', 'GALERAS', 22, NULL, NULL),
(928, '70265', 'GUARANDA', 22, NULL, NULL),
(929, '70400', 'LA UNION', 22, NULL, NULL),
(930, '70418', 'LOS PALMITOS', 22, NULL, NULL),
(931, '70429', 'MAJAGUAL', 22, NULL, NULL),
(932, '70473', 'MORROA', 22, NULL, NULL),
(933, '70508', 'OVEJAS', 22, NULL, NULL),
(934, '70523', 'PALMITO', 22, NULL, NULL),
(935, '70670', 'SAMPUES', 22, NULL, NULL),
(936, '70678', 'SAN BENITO ABAD', 22, NULL, NULL),
(937, '70702', 'SAN JUAN DE BETULIA', 22, NULL, NULL),
(938, '70708', 'SAN MARCOS', 22, NULL, NULL),
(939, '70713', 'SAN ONOFRE', 22, NULL, NULL),
(940, '70717', 'SAN PEDRO', 22, NULL, NULL),
(941, '70742', 'SAN LUIS DE SINCE', 22, NULL, NULL),
(942, '70771', 'SUCRE', 22, NULL, NULL),
(943, '70820', 'SANTIAGO DE TOLU', 22, NULL, NULL),
(944, '70823', 'TOLU VIEJO', 22, NULL, NULL),
(945, '73001', 'IBAGUE', 23, NULL, NULL),
(946, '73024', 'ALPUJARRA', 23, NULL, NULL),
(947, '73026', 'ALVARADO', 23, NULL, NULL),
(948, '73030', 'AMBALEMA', 23, NULL, NULL),
(949, '73043', 'ANZOATEGUI', 23, NULL, NULL),
(950, '73055', 'ARMERO', 23, NULL, NULL),
(951, '73067', 'ATACO', 23, NULL, NULL),
(952, '73124', 'CAJAMARCA', 23, NULL, NULL),
(953, '73148', 'CARMEN DE APICALA', 23, NULL, NULL),
(954, '73152', 'CASABIANCA', 23, NULL, NULL),
(955, '73168', 'CHAPARRAL', 23, NULL, NULL),
(956, '73200', 'COELLO', 23, NULL, NULL),
(957, '73217', 'COYAIMA', 23, NULL, NULL),
(958, '73226', 'CUNDAY', 23, NULL, NULL),
(959, '73236', 'DOLORES', 23, NULL, NULL),
(960, '73268', 'ESPINAL', 23, NULL, NULL),
(961, '73270', 'FALAN', 23, NULL, NULL),
(962, '73275', 'FLANDES', 23, NULL, NULL),
(963, '73283', 'FRESNO', 23, NULL, NULL),
(964, '73319', 'GUAMO', 23, NULL, NULL),
(965, '73347', 'HERVEO', 23, NULL, NULL),
(966, '73349', 'HONDA', 23, NULL, NULL),
(967, '73352', 'ICONONZO', 23, NULL, NULL),
(968, '73408', 'LERIDA', 23, NULL, NULL),
(969, '73411', 'LIBANO', 23, NULL, NULL),
(970, '73443', 'MARIQUITA', 23, NULL, NULL),
(971, '73449', 'MELGAR', 23, NULL, NULL),
(972, '73461', 'MURILLO', 23, NULL, NULL),
(973, '73483', 'NATAGAIMA', 23, NULL, NULL),
(974, '73504', 'ORTEGA', 23, NULL, NULL),
(975, '73520', 'PALOCABILDO', 23, NULL, NULL),
(976, '73547', 'PIEDRAS', 23, NULL, NULL),
(977, '73555', 'PLANADAS', 23, NULL, NULL),
(978, '73563', 'PRADO', 23, NULL, NULL),
(979, '73585', 'PURIFICACION', 23, NULL, NULL),
(980, '73616', 'RIOBLANCO', 23, NULL, NULL),
(981, '73622', 'RONCESVALLES', 23, NULL, NULL),
(982, '73624', 'ROVIRA', 23, NULL, NULL),
(983, '73671', 'SALDA??A', 23, NULL, NULL),
(984, '73675', 'SAN ANTONIO', 23, NULL, NULL),
(985, '73678', 'SAN LUIS', 23, NULL, NULL),
(986, '73686', 'SANTA ISABEL', 23, NULL, NULL),
(987, '73770', 'SUAREZ', 23, NULL, NULL),
(988, '73854', 'VALLE DE SAN JUAN', 23, NULL, NULL),
(989, '73861', 'VENADILLO', 23, NULL, NULL),
(990, '73870', 'VILLAHERMOSA', 23, NULL, NULL),
(991, '73873', 'VILLARRICA', 23, NULL, NULL),
(992, '76001', 'CALI', 24, NULL, NULL),
(993, '76020', 'ALCALA', 24, NULL, NULL),
(994, '76036', 'ANDALUCIA', 24, NULL, NULL),
(995, '76041', 'ANSERMANUEVO', 24, NULL, NULL),
(996, '76054', 'ARGELIA', 24, NULL, NULL),
(997, '76100', 'BOLIVAR', 24, NULL, NULL),
(998, '76109', 'BUENAVENTURA', 24, NULL, NULL),
(999, '76111', 'GUADALAJARA DE BUGA', 24, NULL, NULL),
(1000, '76113', 'BUGALAGRANDE', 24, NULL, NULL),
(1001, '76122', 'CAICEDONIA', 24, NULL, NULL),
(1002, '76126', 'CALIMA', 24, NULL, NULL),
(1003, '76130', 'CANDELARIA', 24, NULL, NULL),
(1004, '76147', 'CARTAGO', 24, NULL, NULL),
(1005, '76233', 'DAGUA', 24, NULL, NULL),
(1006, '76243', 'EL AGUILA', 24, NULL, NULL),
(1007, '76246', 'EL CAIRO', 24, NULL, NULL),
(1008, '76248', 'EL CERRITO', 24, NULL, NULL),
(1009, '76250', 'EL DOVIO', 24, NULL, NULL),
(1010, '76275', 'FLORIDA', 24, NULL, NULL),
(1011, '76306', 'GINEBRA', 24, NULL, NULL),
(1012, '76318', 'GUACARI', 24, NULL, NULL),
(1013, '76364', 'JAMUNDI', 24, NULL, NULL),
(1014, '76377', 'LA CUMBRE', 24, NULL, NULL),
(1015, '76400', 'LA UNION', 24, NULL, NULL),
(1016, '76403', 'LA VICTORIA', 24, NULL, NULL),
(1017, '76497', 'OBANDO', 24, NULL, NULL),
(1018, '76520', 'PALMIRA', 24, NULL, NULL),
(1019, '76563', 'PRADERA', 24, NULL, NULL),
(1020, '76606', 'RESTREPO', 24, NULL, NULL),
(1021, '76616', 'RIOFRIO', 24, NULL, NULL),
(1022, '76622', 'ROLDANILLO', 24, NULL, NULL),
(1023, '76670', 'SAN PEDRO', 24, NULL, NULL),
(1024, '76736', 'SEVILLA', 24, NULL, NULL),
(1025, '76823', 'TORO', 24, NULL, NULL),
(1026, '76828', 'TRUJILLO', 24, NULL, NULL),
(1027, '76834', 'TULUA', 24, NULL, NULL),
(1028, '76845', 'ULLOA', 24, NULL, NULL),
(1029, '76863', 'VERSALLES', 24, NULL, NULL),
(1030, '76869', 'VIJES', 24, NULL, NULL),
(1031, '76890', 'YOTOCO', 24, NULL, NULL),
(1032, '76892', 'YUMBO', 24, NULL, NULL),
(1033, '76895', 'ZARZAL', 24, NULL, NULL),
(1034, '81001', 'ARAUCA', 25, NULL, NULL),
(1035, '81065', 'ARAUQUITA', 25, NULL, NULL),
(1036, '81220', 'CRAVO NORTE', 25, NULL, NULL),
(1037, '81300', 'FORTUL', 25, NULL, NULL),
(1038, '81591', 'PUERTO RONDON', 25, NULL, NULL),
(1039, '81736', 'SARAVENA', 25, NULL, NULL),
(1040, '81794', 'TAME', 25, NULL, NULL),
(1041, '85001', 'YOPAL', 26, NULL, NULL),
(1042, '85010', 'AGUAZUL', 26, NULL, NULL),
(1043, '85015', 'CHAMEZA', 26, NULL, NULL),
(1044, '85125', 'HATO COROZAL', 26, NULL, NULL),
(1045, '85136', 'LA SALINA', 26, NULL, NULL),
(1046, '85139', 'MANI', 26, NULL, NULL),
(1047, '85162', 'MONTERREY', 26, NULL, NULL),
(1048, '85225', 'NUNCHIA', 26, NULL, NULL),
(1049, '85230', 'OROCUE', 26, NULL, NULL),
(1050, '85250', 'PAZ DE ARIPORO', 26, NULL, NULL),
(1051, '85263', 'PORE', 26, NULL, NULL),
(1052, '85279', 'RECETOR', 26, NULL, NULL),
(1053, '85300', 'SABANALARGA', 26, NULL, NULL),
(1054, '85315', 'SACAMA', 26, NULL, NULL),
(1055, '85325', 'SAN LUIS DE PALENQUE', 26, NULL, NULL),
(1056, '85400', 'TAMARA', 26, NULL, NULL),
(1057, '85410', 'TAURAMENA', 26, NULL, NULL),
(1058, '85430', 'TRINIDAD', 26, NULL, NULL),
(1059, '85440', 'VILLANUEVA', 26, NULL, NULL),
(1060, '86001', 'MOCOA', 27, NULL, NULL),
(1061, '86219', 'COLON', 27, NULL, NULL),
(1062, '86320', 'ORITO', 27, NULL, NULL),
(1063, '86568', 'PUERTO ASIS', 27, NULL, NULL),
(1064, '86569', 'PUERTO CAICEDO', 27, NULL, NULL),
(1065, '86571', 'PUERTO GUZMAN', 27, NULL, NULL),
(1066, '86573', 'LEGUIZAMO', 27, NULL, NULL),
(1067, '86749', 'SIBUNDOY', 27, NULL, NULL),
(1068, '86755', 'SAN FRANCISCO', 27, NULL, NULL),
(1069, '86757', 'SAN MIGUEL', 27, NULL, NULL),
(1070, '86760', 'SANTIAGO', 27, NULL, NULL),
(1071, '86865', 'VALLE DEL GUAMUEZ', 27, NULL, NULL),
(1072, '86885', 'VILLAGARZON', 27, NULL, NULL),
(1073, '88001', 'SAN ANDRES', 28, NULL, NULL),
(1074, '88564', 'PROVIDENCIA', 28, NULL, NULL),
(1075, '91001', 'LETICIA', 29, NULL, NULL),
(1076, '91263', 'EL ENCANTO', 29, NULL, NULL),
(1077, '91405', 'LA CHORRERA', 29, NULL, NULL),
(1078, '91407', 'LA PEDRERA', 29, NULL, NULL),
(1079, '91430', 'LA VICTORIA', 29, NULL, NULL),
(1080, '91460', 'MIRITI - PARANA', 29, NULL, NULL),
(1081, '91530', 'PUERTO ALEGRIA', 29, NULL, NULL),
(1082, '91536', 'PUERTO ARICA', 29, NULL, NULL),
(1083, '91540', 'PUERTO NARI??O', 29, NULL, NULL),
(1084, '91669', 'PUERTO SANTANDER', 29, NULL, NULL),
(1085, '91798', 'TARAPACA', 29, NULL, NULL),
(1086, '94001', 'INIRIDA', 30, NULL, NULL),
(1087, '94343', 'BARRANCO MINAS', 30, NULL, NULL),
(1088, '94663', 'MAPIRIPANA', 30, NULL, NULL),
(1089, '94883', 'SAN FELIPE', 30, NULL, NULL),
(1090, '94884', 'PUERTO COLOMBIA', 30, NULL, NULL),
(1091, '94885', 'LA GUADALUPE', 30, NULL, NULL),
(1092, '94886', 'CACAHUAL', 30, NULL, NULL),
(1093, '94887', 'PANA PANA', 30, NULL, NULL),
(1094, '94888', 'MORICHAL', 30, NULL, NULL),
(1095, '95001', 'SAN JOSE DEL GUAVIARE', 31, NULL, NULL),
(1096, '95015', 'CALAMAR', 31, NULL, NULL),
(1097, '95025', 'EL RETORNO', 31, NULL, NULL),
(1098, '95200', 'MIRAFLORES', 31, NULL, NULL),
(1099, '97001', 'MITU', 32, NULL, NULL),
(1100, '97161', 'CARURU', 32, NULL, NULL),
(1101, '97511', 'PACOA', 32, NULL, NULL),
(1102, '97666', 'TARAIRA', 32, NULL, NULL),
(1103, '97777', 'PAPUNAUA', 32, NULL, NULL),
(1104, '97889', 'YAVARATE', 32, NULL, NULL),
(1105, '99001', 'PUERTO CARRE??O', 33, NULL, NULL),
(1106, '99524', 'LA PRIMAVERA', 33, NULL, NULL),
(1107, '99624', 'SANTA ROSALIA', 33, NULL, NULL),
(1108, '99773', 'CUMARIBO', 33, NULL, NULL);

-- --------------------------------------------------------

--
-- Table structure for table `competencia`
--

CREATE TABLE `competencia` (
  `id` int(11) NOT NULL,
  `nombreCompetencia` text DEFAULT NULL,
  `codigoCompetencia` varchar(50) DEFAULT NULL,
  `idActividadProyecto` int(10) UNSIGNED DEFAULT NULL
) ENGINE=InnoDB DEFAULT CHARSET=utf8mb4 COLLATE=utf8mb4_general_ci;

-- --------------------------------------------------------

--
-- Table structure for table `departamento`
--

CREATE TABLE `departamento` (
  `id` int(10) UNSIGNED NOT NULL,
  `codigo` varchar(255) NOT NULL,
  `descripcion` varchar(255) NOT NULL
) ENGINE=InnoDB DEFAULT CHARSET=utf8mb4 COLLATE=utf8mb4_unicode_ci;

--
-- Dumping data for table `departamento`
--

INSERT INTO `departamento` (`id`, `codigo`, `descripcion`) VALUES
(1, '5', 'ANTIOQUIA'),
(2, '8', 'ATLANTICO'),
(3, '11', 'BOGOTA'),
(4, '13', 'BOLIVAR'),
(5, '15', 'BOYACA'),
(6, '17', 'CALDAS'),
(7, '18', 'CAQUETA'),
(8, '19', 'CAUCA'),
(9, '20', 'CESAR'),
(10, '23', 'CORDOBA'),
(11, '25', 'CUNDINAMARCA'),
(12, '27', 'CHOCO'),
(13, '41', 'HUILA'),
(14, '44', 'LA GUAJIRA'),
(15, '47', 'MAGDALENA'),
(16, '50', 'META'),
(17, '52', 'NARIO'),
(18, '54', 'N. DE SANTANDER'),
(19, '63', 'QUINDIO'),
(20, '66', 'RISARALDA'),
(21, '68', 'SANTANDER'),
(22, '70', 'SUCRE'),
(23, '73', 'TOLIMA'),
(24, '76', 'VALLE DEL CAUCA'),
(25, '81', 'ARAUCA'),
(26, '85', 'CASANARE'),
(27, '86', 'PUTUMAYO'),
(28, '88', 'SAN ANDRES'),
(29, '91', 'AMAZONAS'),
(30, '94', 'GUAINIA'),
(31, '95', 'GUAVIARE'),
(32, '97', 'VAUPES'),
(33, '99', 'VICHADA');

-- --------------------------------------------------------

--
-- Table structure for table `dia`
--

CREATE TABLE `dia` (
  `id` int(10) UNSIGNED NOT NULL,
  `dia` varchar(20) NOT NULL
) ENGINE=InnoDB DEFAULT CHARSET=utf8mb4 COLLATE=utf8mb4_unicode_ci;

-- --------------------------------------------------------

--
-- Table structure for table `empresa`
--

CREATE TABLE `empresa` (
  `id` int(10) UNSIGNED NOT NULL,
  `razonSocial` varchar(255) NOT NULL,
  `nit` varchar(255) NOT NULL,
  `rutaLogo` varchar(255) NOT NULL,
  `representanteLegal` varchar(255) NOT NULL,
  `digitoVerificacion` smallint(5) UNSIGNED NOT NULL,
  `created_at` timestamp NULL DEFAULT NULL,
  `updated_at` timestamp NULL DEFAULT NULL
) ENGINE=InnoDB DEFAULT CHARSET=utf8mb4 COLLATE=utf8mb4_unicode_ci;

--
-- Dumping data for table `empresa`
--

INSERT INTO `empresa` (`id`, `razonSocial`, `nit`, `rutaLogo`, `representanteLegal`, `digitoVerificacion`, `created_at`, `updated_at`) VALUES
(1, 'Virtual T', 'Khalil Rodriguez', '/default/logo.jpg', 'Simeon Glover', 65535, '2023-03-13 17:20:46', '2023-03-13 17:20:46'),
(2, 'Rpido Tambo', 'Jacey Kreiger', '/default/rapido-tambo-logo.jpg', 'Miss Angie Huel DDS', 65535, '2023-03-13 17:20:46', '2023-03-13 17:20:46'),
(3, 'Miss Shanon Borer I', 'Clyde Swaniawski', '/default/logo.jpg', 'Edison Schneider', 65535, '2023-03-13 17:20:46', '2023-03-13 17:20:46'),
(4, 'Elsie Mraz', 'Darien Heller', '/default/logo.jpg', 'Madilyn Herzog', 65535, '2023-03-13 17:20:46', '2023-03-13 17:20:46'),
(5, 'Anabel Moore III', 'Dr. Alan Sanford', '/default/logo.jpg', 'Laurianne O\Hara', 65535, '2023-03-13 17:20:46', '2023-03-13 17:20:46'),
(6, 'Krystel Abernathy', 'Alek Cronin I', '/default/logo.jpg', 'Dr. Jamie Gleichner III', 65535, '2023-03-13 17:20:46', '2023-03-13 17:20:46'),
(7, 'Helga Pfannerstill', 'Wilfredo Runolfsdottir', '/default/logo.jpg', 'Prof. Rafael Haag Sr.', 65535, '2023-03-13 17:20:46', '2023-03-13 17:20:46'),
(8, 'Mr. Golden Larson', 'Mrs. Joanne Runolfsdottir DVM', '/default/logo.jpg', 'Mr. Emile Dibbert', 65535, '2023-03-13 17:20:46', '2023-03-13 17:20:46'),
(9, 'Easter Kirlin', 'Else Bednar', '/default/logo.jpg', 'Prof. Bartholome Kohler', 65535, '2023-03-13 17:20:46', '2023-03-13 17:20:46'),
(10, 'Matilde Ledner', 'Mrs. Lily Jast MD', '/default/logo.jpg', 'Mr. King Glover', 65535, '2023-03-13 17:20:46', '2023-03-13 17:20:46'),
(11, 'Ethyl Graham', 'Hallie Spencer', '/default/logo.jpg', 'Alexzander Cremin', 65535, '2023-03-13 17:20:46', '2023-03-13 17:20:46'),
(12, 'Saige Sporer', 'Fletcher Deckow', '/default/logo.jpg', 'Ms. Myah Watsica', 65535, '2023-03-13 17:20:46', '2023-03-13 17:20:46');

-- --------------------------------------------------------

--
-- Table structure for table `estado`
--

-- CREATE TABLE `estado` (
--   `id` int(10) UNSIGNED NOT NULL,
--   `estado` varchar(255) NOT NULL,
--   `descripcion` varchar(255) NOT NULL
-- ) ENGINE=InnoDB DEFAULT CHARSET=utf8mb4 COLLATE=utf8mb4_unicode_ci;

--
-- Dumping data for table `estado`
--

INSERT INTO `estado` (`id`, `estado`, `descripcion`) VALUES
(1, 'ACTIVO', 'ESTADO PARA FUNCIONES Y USUARIOS EN USO DEL SISTEMA'),
(2, 'INACTIVO', 'ESTADO PARA FUNCIONES O USUARIOS QUE YA NO SEAN NECESARIOS PARA EL SISTEMA'),
(3, 'OCULTO', 'RESERVADO PARA EL SISTEMA'),
(4, 'PENDIENTE', 'ESTADO PARA TRANSACCIONES SIN FINALIZAR'),
(5, 'APROBADO', 'ESTADO PARA APROBAR UNA ACTIVIDAD UN PROCESO UNA MATERIA ENTRE OTROS'),
(6, 'CANCELADO', 'ESTADO PARA CANCELAR TRANSACCIONES ASIGNATURAS ACTIVIDADES ENTRE OTRAS'),
(7, 'REPROBADO', 'ESTADO PARA ASIGNATURAS PROCESOS'),
(8, 'CERRADO', 'ESTE ESTADO ES UTILIZADO PARA CERRA MATERIAS O PROGRAMAS DESPUS DE HABERSE APERTURADO'),
(9, 'ACEPTADO', ''),
(10, 'LEIDO', 'PARA NOTIFICACIN'),
(11, 'EN ESPERA', 'ESTADO INICIAL PARA UN PROCESO POSTERIOR');

-- --------------------------------------------------------

--
-- Table structure for table `failed_jobs`
--

-- CREATE TABLE `failed_jobs` (
--   `id` int(10) UNSIGNED NOT NULL,
--   `uuid` varchar(255) NOT NULL,
--   `connection` text NOT NULL,
--   `queue` text NOT NULL,
--   `payload` longtext NOT NULL,
--   `exception` longtext NOT NULL,
--   `failed_at` timestamp NOT NULL DEFAULT current_timestamp()
-- ) ENGINE=InnoDB DEFAULT CHARSET=utf8mb4 COLLATE=utf8mb4_unicode_ci;

-- --------------------------------------------------------

--
-- Table structure for table `fase`
--

CREATE TABLE `fase` (
  `id` int(10) UNSIGNED NOT NULL,
  `nombreFase` text NOT NULL,
  `codigoFase` varchar(100) DEFAULT NULL
) ENGINE=InnoDB DEFAULT CHARSET=utf8mb4 COLLATE=utf8mb4_general_ci;

-- --------------------------------------------------------

--
-- Table structure for table `grupo`
--

CREATE TABLE `grupo` (
  `id` int(11) NOT NULL,
  `nombre` varchar(240) DEFAULT NULL,
  `fechaInicial` date DEFAULT NULL,
  `fechaFinal` date DEFAULT NULL,
  `observacion` varchar(100) DEFAULT NULL,
  `idTipoGrupo` int(11) DEFAULT NULL
) ENGINE=InnoDB DEFAULT CHARSET=utf8mb4 COLLATE=utf8mb4_general_ci;

-- --------------------------------------------------------

--
-- Table structure for table `horarioGrupo`
--

CREATE TABLE `horarioGrupo` (
  `id` int(11) NOT NULL,
  `idPrograma` int(11) DEFAULT NULL,
  `idLider` int(11) DEFAULT NULL,
  `idInfraestructura` int(11) DEFAULT NULL,
  `idGrupo` int(11) DEFAULT NULL
) ENGINE=InnoDB DEFAULT CHARSET=utf8mb4 COLLATE=utf8mb4_general_ci;

-- --------------------------------------------------------

--
-- Table structure for table `infraestructura`
--

CREATE TABLE `infraestructura` (
  `id` int(10) UNSIGNED NOT NULL,
  `nombreInfraestructura` varchar(255) NOT NULL,
  `capacidad` int(10) UNSIGNED NOT NULL,
  `descripcion` text DEFAULT NULL,
  `idArea` int(11) DEFAULT NULL,
  `idSede` int(11) DEFAULT NULL
) ENGINE=InnoDB DEFAULT CHARSET=utf8mb4 COLLATE=utf8mb4_unicode_ci;

-- --------------------------------------------------------

--
-- Table structure for table `jornada`
--

CREATE TABLE `jornada` (
  `id` int(10) UNSIGNED NOT NULL,
  `nombreJornada` varchar(255) NOT NULL,
  `descripcion` text NOT NULL,
  `horaInicial` time NOT NULL,
  `horaFinal` time NOT NULL,
  `numeroHoras` smallint(5) UNSIGNED NOT NULL
) ENGINE=InnoDB DEFAULT CHARSET=utf8mb4 COLLATE=utf8mb4_unicode_ci;

-- --------------------------------------------------------

--
-- Table structure for table `migrations`
--

CREATE TABLE `migrations` (
  `id` int(10) UNSIGNED NOT NULL,
  `migration` varchar(255) NOT NULL,
  `batch` int(11) NOT NULL
) ENGINE=InnoDB DEFAULT CHARSET=utf8mb4 COLLATE=utf8mb4_unicode_ci;

--
-- Dumping data for table `migrations`
--

INSERT INTO `migrations` (`id`, `migration`, `batch`) VALUES
(1, '2019_12_14_000001_create_personal_access_tokens_table', 1),
(2, '2021_08_12_220423_create_companies_table', 1),
(3, '2021_08_12_220423_create_countries_table', 1),
(4, '2021_08_12_220423_create_identification_types_table', 1),
(5, '2021_08_12_220423_create_statuses_table', 1),
(6, '2021_08_12_220424_create_cities_table', 1),
(7, '2021_08_12_220425_create_people_table', 1),
(8, '2021_08_12_220426_create_users_table', 1),
(9, '2021_08_12_220427_create_failed_jobs_table', 1),
(10, '2021_08_12_220428_create_password_resets_table', 1),
(11, '2021_08_12_222447_create_permission_tables', 1),
(12, '2021_08_12_223400_create_contract_types_table', 1),
(13, '2021_08_12_223406_create_contracts_table', 1),
(14, '2021_08_13_151426_create_activation_company_users_table', 1),
(15, '2021_08_17_204446_create_tipo_notificacions_table', 1),
(16, '2021_08_18_204159_create_notificacions_table', 1),
(17, '2021_08_23_153543_create_procesos_table', 1),
(18, '2021_08_23_173006_create_tipo_documentos_table', 1),
(19, '2021_08_25_141801_create_medio_pagos_table', 1),
(20, '2021_08_25_161408_create_tipo_pagos_table', 1),
(21, '2021_08_26_140710_create_tipo_transaccions_table', 1),
(22, '2021_08_26_161639_create_transaccions_table', 1),
(23, '2021_08_26_161640_create_pagos_table', 1);

-- --------------------------------------------------------

--
-- Table structure for table `model_has_permissions`
--

-- CREATE TABLE `model_has_permissions` (
--   `permission_id` bigint(20) UNSIGNED NOT NULL,
--   `model_type` varchar(255) NOT NULL,
--   `model_id` bigint(20) UNSIGNED NOT NULL
-- ) ENGINE=InnoDB DEFAULT CHARSET=utf8mb4 COLLATE=utf8mb4_unicode_ci;

-- --------------------------------------------------------

--
-- Table structure for table `model_has_roles`
--

-- CREATE TABLE `model_has_roles` (
--   `role_id` bigint(20) UNSIGNED NOT NULL,
--   `model_type` varchar(255) NOT NULL,
--   `model_id` bigint(20) UNSIGNED NOT NULL
-- ) ENGINE=InnoDB DEFAULT CHARSET=utf8mb4 COLLATE=utf8mb4_unicode_ci;

--
-- Dumping data for table `model_has_roles`
--

-- INSERT INTO `model_has_roles` (`role_id`, `model_type`, `model_id`) VALUES
-- (1, 'App\\Models\\ActivationCompanyUser', 1),
-- (2, 'App\\Models\\ActivationCompanyUser', 2);

-- --------------------------------------------------------

--
-- Table structure for table `notificacion`
-- --

-- CREATE TABLE `notificacion` (
--   `id` int(10) UNSIGNED NOT NULL,
--   `fecha` date NOT NULL,
--   `hora` time NOT NULL,
--   `asunto` char(50) NOT NULL,
--   `mensaje` text NOT NULL,
--   `estado_id` int(10) UNSIGNED NOT NULL,
--   `idUsuarioReceptor` int(10) UNSIGNED NOT NULL,
--   `idUsuarioRemitente` int(10) UNSIGNED NOT NULL,
--   `idTipoNotificacion` int(10) UNSIGNED NOT NULL,
--   `idEmpresa` int(10) UNSIGNED NOT NULL,
--   `created_at` timestamp NULL DEFAULT NULL,
--   `updated_at` timestamp NULL DEFAULT NULL
-- ) ENGINE=InnoDB DEFAULT CHARSET=utf8mb4 COLLATE=utf8mb4_unicode_ci;

-- --------------------------------------------------------

--
-- Table structure for table `password_resets`
--

-- CREATE TABLE `password_resets` (
--   `email` varchar(255) NOT NULL,
--   `token` varchar(255) NOT NULL,
--   `created_at` timestamp NULL DEFAULT NULL
-- ) ENGINE=InnoDB DEFAULT CHARSET=utf8mb4 COLLATE=utf8mb4_unicode_ci;

-- --------------------------------------------------------

--
-- Table structure for table `permissions`
--

-- CREATE TABLE `permissions` (
--   `id` bigint(20) UNSIGNED NOT NULL,
--   `name` varchar(255) NOT NULL,
--   `guard_name` varchar(255) NOT NULL,
--   `description` varchar(255) NOT NULL,
--   `created_at` timestamp NULL DEFAULT NULL,
--   `updated_at` timestamp NULL DEFAULT NULL
-- ) ENGINE=InnoDB DEFAULT CHARSET=utf8mb4 COLLATE=utf8mb4_unicode_ci;

--
-- Dumping data for table `permissions`
--

INSERT INTO `permissions` (`id`, `name`, `guard_name`, `description`, `created_at`, `updated_at`) VALUES
(1, 'GESTION_ROLES', 'web', 'Gestin de roles', '2023-03-13 17:20:46', '2023-03-13 17:20:46'),
(2, 'GESTION_ROL_PERMISOS', 'web', 'Gestin permisos del rol', '2023-03-13 17:20:46', '2023-03-13 17:20:46'),
(3, 'GESTION_USUARIO', 'web', 'Gestin de usuarios', '2023-03-13 17:20:46', '2023-03-13 17:20:46'),
(4, 'GESTION_TIPO_CONTRATO', 'web', 'Gestin de tipos de contrato', '2023-03-13 17:20:46', '2023-03-13 17:20:46'),
(5, 'GESTION_PROCESOS', 'web', 'Gestin de procesos', '2023-03-13 17:20:46', '2023-03-13 17:20:46'),
(6, 'GESTION_TIPO_DOCUMENTOS', 'web', 'Gestin de tipos de documento', '2023-03-13 17:20:46', '2023-03-13 17:20:46'),
(7, 'GESTION_MEDIO_PAGO', 'web', 'Gestin medios de pago', '2023-03-13 17:20:46', '2023-03-13 17:20:46'),
(8, 'GESTION_TIPO_PAGO', 'web', 'Gestin de tipos de pago', '2023-03-13 17:20:46', '2023-03-13 17:20:46'),
(9, 'GESTION_TIPO_TRANSACCION', 'web', 'Gestin de tipos de transaccin', '2023-03-13 17:20:46', '2023-03-13 17:20:46');

-- --------------------------------------------------------

--
-- Table structure for table `persona`
--

-- CREATE TABLE `persona` (
--   `id` int(10) UNSIGNED NOT NULL,
--   `identificacion` varchar(255) NOT NULL,
--   `nombre1` varchar(255) NOT NULL,
--   `nombre2` varchar(255) NOT NULL,
--   `apellido1` varchar(255) NOT NULL,
--   `apellido2` varchar(255) NOT NULL,
--   `fechaNac` date NOT NULL,
--   `direccion` varchar(255) NOT NULL,
--   `email` varchar(255) NOT NULL,
--   `telefonoFijo` varchar(255) NOT NULL,
--   `celular` varchar(255) NOT NULL,
--   `perfil` text NOT NULL,
--   `sexo` char(1) NOT NULL,
--   `rh` char(5) NOT NULL,
--   `rutaFoto` varchar(255) NOT NULL,
--   `idTipoIdentificacion` int(10) UNSIGNED NOT NULL,
--   `idCiudad` int(10) UNSIGNED NOT NULL,
--   `idCiudadNac` int(10) UNSIGNED NOT NULL,
--   `idCiudadUbicacion` int(10) UNSIGNED NOT NULL,
--   `created_at` timestamp NULL DEFAULT NULL,
--   `updated_at` timestamp NULL DEFAULT NULL
-- ) ENGINE=InnoDB DEFAULT CHARSET=utf8mb4 COLLATE=utf8mb4_unicode_ci;

--
-- Dumping data for table `persona`
--

INSERT INTO `persona` (`id`, `identificacion`, `nombre1`, `nombre2`, `apellido1`, `apellido2`, `fechaNac`, `direccion`, `email`, `telefonoFijo`, `celular`, `perfil`, `sexo`, `rh`, `rutaFoto`, `idTipoIdentificacion`, `idCiudad`, `idCiudadNac`, `idCiudadUbicacion`, `created_at`, `updated_at`) VALUES
(1, '685321406', 'Camilla', 'Nathaniel', 'Kohler', 'Hermiston', '2013-09-01', '711 Howell Causeway Suite 356', 'admin@gmail.com', '646.318.4649', '+1-206-909-9734', 'Ex quo ipsam autem fugit. Provident similique error nostrum voluptatibus quasi voluptatibus adipisci. Sit dolores porro id nobis aliquid cumque accusantium. Aperiam dolore et quos dicta veniam dolores iusto. Commodi doloremque blanditiis vel voluptatem enim accusamus voluptatibus officia.', 'M', 'O-', '/default/user.svg', 1, 841, 197, 929, '2023-03-13 17:20:46', '2023-03-13 17:20:46');

-- --------------------------------------------------------

--
-- Table structure for table `personal_access_tokens`
--

-- CREATE TABLE `personal_access_tokens` (
--   `id` bigint(20) UNSIGNED NOT NULL,
--   `tokenable_type` varchar(255) NOT NULL,
--   `tokenable_id` bigint(20) UNSIGNED NOT NULL,
--   `name` varchar(255) NOT NULL,
--   `token` varchar(64) NOT NULL,
--   `abilities` text DEFAULT NULL,
--   `last_used_at` timestamp NULL DEFAULT NULL,
--   `created_at` timestamp NULL DEFAULT NULL,
--   `updated_at` timestamp NULL DEFAULT NULL
-- ) ENGINE=InnoDB DEFAULT CHARSET=utf8mb4 COLLATE=utf8mb4_unicode_ci;

-- --------------------------------------------------------

--
-- Table structure for table `proceso`
--

-- CREATE TABLE `proceso` (
--   `id` int(10) UNSIGNED NOT NULL,
--   `nombreProceso` varchar(255) NOT NULL,
--   `descripcion` text NOT NULL,
--   `created_at` timestamp NULL DEFAULT NULL,
--   `updated_at` timestamp NULL DEFAULT NULL
-- ) ENGINE=InnoDB DEFAULT CHARSET=utf8mb4 COLLATE=utf8mb4_unicode_ci;

-- --------------------------------------------------------

--
-- Table structure for table `programa`
--

CREATE TABLE `programa` (
  `id` int(10) UNSIGNED NOT NULL,
  `nombrePrograma` varchar(255) NOT NULL,
  `codigoPrograma` varchar(255) NOT NULL,
  `descripcionPrograma` text NOT NULL,
  `idTipoPrograma` int(10) UNSIGNED NOT NULL,
  `idEstado` int(10) UNSIGNED NOT NULL,
  `company_id` int(10) UNSIGNED NOT NULL
) ENGINE=InnoDB DEFAULT CHARSET=utf8mb4 COLLATE=utf8mb4_unicode_ci;

-- --------------------------------------------------------

--
-- Table structure for table `resultadoAprendizaje`
--

CREATE TABLE `resultadoAprendizaje` (
  `id` int(11) NOT NULL,
  `rap` text DEFAULT NULL,
  `codigoRap` varchar(100) DEFAULT NULL
) ENGINE=InnoDB DEFAULT CHARSET=utf8mb4 COLLATE=utf8mb4_general_ci;

-- --------------------------------------------------------

--
-- Table structure for table `roles`
--

-- CREATE TABLE `roles` (
--   `id` bigint(20) UNSIGNED NOT NULL,
--   `name` varchar(255) NOT NULL,
--   `guard_name` varchar(255) NOT NULL,
--   `created_at` timestamp NULL DEFAULT NULL,
--   `updated_at` timestamp NULL DEFAULT NULL,
--   `idCompany` int(10) UNSIGNED NOT NULL
-- ) ENGINE=InnoDB DEFAULT CHARSET=utf8mb4 COLLATE=utf8mb4_unicode_ci;

--
-- Dumping data for table `roles`
--

INSERT INTO `roles` (`id`, `name`, `guard_name`, `created_at`, `updated_at`, `idCompany`) VALUES
(1, 'Admin', 'web', '2023-03-13 17:20:46', '2023-03-13 17:20:46', 1),
(2, 'Admin', 'web', '2023-03-13 17:20:46', '2023-03-13 17:20:46', 2);

-- --------------------------------------------------------

--
-- Table structure for table `role_has_permissions`
--

-- CREATE TABLE `role_has_permissions` (
--   `permission_id` bigint(20) UNSIGNED NOT NULL,
--   `role_id` bigint(20) UNSIGNED NOT NULL
-- ) ENGINE=InnoDB DEFAULT CHARSET=utf8mb4 COLLATE=utf8mb4_unicode_ci;

--
-- Dumping data for table `role_has_permissions`
--

INSERT INTO `role_has_permissions` (`permission_id`, `role_id`) VALUES
(1, 1),
(2, 1),
(3, 1),
(3, 2),
(4, 1),
(4, 2),
(5, 1),
(6, 1),
(7, 1),
(8, 1),
(9, 1);

-- --------------------------------------------------------

--
-- Table structure for table `sede`
--

CREATE TABLE `sede` (
  `id` int(11) NOT NULL,
  `nombreSede` varchar(240) DEFAULT NULL,
  `direccion` varchar(100) DEFAULT NULL,
  `telefono` varchar(100) DEFAULT NULL,
  `descripcion` text DEFAULT NULL,
  `idCiudad` int(10) UNSIGNED DEFAULT NULL
) ENGINE=InnoDB DEFAULT CHARSET=utf8mb4 COLLATE=utf8mb4_general_ci;

-- --------------------------------------------------------

--
-- Table structure for table `tipoDocumento`
--

-- CREATE TABLE `tipoDocumento` (
--   `id` int(10) UNSIGNED NOT NULL,
--   `tituloDocumento` varchar(255) NOT NULL,
--   `descripcion` text NOT NULL,
--   `idEstado` int(10) UNSIGNED NOT NULL,
--   `idProceso` int(10) UNSIGNED NOT NULL,
--   `created_at` timestamp NULL DEFAULT NULL,
--   `updated_at` timestamp NULL DEFAULT NULL
-- ) ENGINE=InnoDB DEFAULT CHARSET=utf8mb4 COLLATE=utf8mb4_unicode_ci;

-- --------------------------------------------------------

--
-- Table structure for table `tipoGrupo`
--

CREATE TABLE `tipoGrupo` (
  `id` int(11) NOT NULL,
  `nombreTipoGrupo` varchar(100) DEFAULT NULL
) ENGINE=InnoDB DEFAULT CHARSET=utf8mb4 COLLATE=utf8mb4_general_ci;

-- --------------------------------------------------------

--
-- Table structure for table `tipoIdentificacion`
--

-- CREATE TABLE `tipoIdentificacion` (
--   `id` int(10) UNSIGNED NOT NULL,
--   `codigo` varchar(255) NOT NULL,
--   `detalle` varchar(255) NOT NULL,
--   `created_at` timestamp NULL DEFAULT NULL,
--   `updated_at` timestamp NULL DEFAULT NULL
-- ) ENGINE=InnoDB DEFAULT CHARSET=utf8mb4 COLLATE=utf8mb4_unicode_ci;

--
-- Dumping data for table `tipoIdentificacion`
--

INSERT INTO `tipoIdentificacion` (`id`, `codigo`, `detalle`, `created_at`, `updated_at`) VALUES
(1, 'CC', 'CEDULA', NULL, NULL),
(2, 'TI', 'TARJETA DE IDENTIDAD', NULL, NULL),
(3, 'PAS', 'PASAPORTE', NULL, NULL),
(4, 'CE', 'CEDUA DE EXTRANJERIA', NULL, NULL);

-- --------------------------------------------------------

--
-- Table structure for table `tipoNotificacion`
--

-- CREATE TABLE `tipoNotificacion` (
--   `id` int(10) UNSIGNED NOT NULL,
--   `tipoNotificacion` char(240) NOT NULL,
--   `observacion` text NOT NULL,
--   `created_at` timestamp NULL DEFAULT NULL,
--   `updated_at` timestamp NULL DEFAULT NULL
-- ) ENGINE=InnoDB DEFAULT CHARSET=utf8mb4 COLLATE=utf8mb4_unicode_ci;

-- --------------------------------------------------------

--
-- Table structure for table `tipoPrograma`
--

CREATE TABLE `tipoPrograma` (
  `id` int(10) UNSIGNED NOT NULL,
  `nombreTipoPrograma` varchar(255) NOT NULL,
  `descripcion` text NOT NULL
) ENGINE=InnoDB DEFAULT CHARSET=utf8mb4 COLLATE=utf8mb4_unicode_ci;

-- --------------------------------------------------------

--
-- Table structure for table `usuario`
--

-- CREATE TABLE `usuario` (
--   `id` int(10) UNSIGNED NOT NULL,
--   `email` varchar(255) NOT NULL,
--   `contrasena` varchar(255) NOT NULL,
--   `idpersona` int(10) UNSIGNED NOT NULL,
--   `remember_token` varchar(100) DEFAULT NULL,
--   `email_verified_at` timestamp NULL DEFAULT NULL,
--   `created_at` timestamp NULL DEFAULT NULL,
--   `updated_at` timestamp NULL DEFAULT NULL
-- ) ENGINE=InnoDB DEFAULT CHARSET=utf8mb4 COLLATE=utf8mb4_unicode_ci;

--
-- Dumping data for table `usuario`
--

-- INSERT INTO `usuario` (`id`, `email`, `contrasena`, `idpersona`, `remember_token`, `email_verified_at`, `created_at`, `updated_at`) VALUES
-- (1, 'admin@gmail.com', '$2y$10$gEQV2vEiTeyV2kXlfs/uje0OGr0tZswDGJjy2DTOjJOPPPeNsLZ0.', 1, 'Y4JMkcU5rE', '2023-03-13 17:20:46', '2023-03-13 17:20:46', '2023-03-13 17:20:46');

--
-- Indexes for dumped tables
--

--
-- Indexes for table `activation_company_users`
--
-- ALTER TABLE `activation_company_users`
--   ADD PRIMARY KEY (`id`),
--   ADD KEY `activation_company_users_user_id_foreign` (`user_id`),
--   ADD KEY `activation_company_users_state_id_foreign` (`state_id`),
--   ADD KEY `activation_company_users_company_id_foreign` (`company_id`);

--
-- Indexes for table `ActividadAprendizaje`
--
-- ALTER TABLE `ActividadAprendizaje`
--   ADD PRIMARY KEY (`id`),
--   ADD KEY `ActividadAprendizaje_FK` (`idRap`);

-- --
-- -- Indexes for table `actividadProyecto`
-- --
-- ALTER TABLE `actividadProyecto`
--   ADD PRIMARY KEY (`id`),
--   ADD KEY `actividadProyecto_FK` (`idFase`);

-- --
-- -- Indexes for table `area`
-- --
-- ALTER TABLE `area`
--   ADD PRIMARY KEY (`id`);

-- --
-- -- Indexes for table `asignacionDiaJornadas`
-- --
-- ALTER TABLE `asignacionDiaJornadas`
--   ADD PRIMARY KEY (`id`),
--   ADD KEY `asignacionDiaJornadas_FK` (`idDia`),
--   ADD KEY `asignacionDiaJornadas_FK_1` (`idJornada`);

-- --
-- -- Indexes for table `asignacionFasePrograma`
-- --
-- ALTER TABLE `asignacionFasePrograma`
--   ADD PRIMARY KEY (`id`),
--   ADD KEY `asignacionFasePrograma_FK` (`idPrograma`),
--   ADD KEY `asignacionFasePrograma_FK_1` (`idFase`);

-- --
-- -- Indexes for table `asignacionJornadaHorarioGrupo`
-- --
-- ALTER TABLE `asignacionJornadaHorarioGrupo`
--   ADD PRIMARY KEY (`id`),
--   ADD KEY `asignacionJornadaHorarioGrupo_FK` (`idHorarioGrupo`);

-- --
-- -- Indexes for table `asignacionParticipante`
-- --
-- ALTER TABLE `asignacionParticipante`
--   ADD PRIMARY KEY (`id`),
--   ADD KEY `asignacionParticipante_FK` (`idGrupo`);

-- --
-- -- Indexes for table `asignacionRapCompetencia`
-- --
-- ALTER TABLE `asignacionRapCompetencia`
--   ADD PRIMARY KEY (`id`),
--   ADD KEY `asignacionRapCompetencia_FK` (`idCompetencia`),
--   ADD KEY `asignacionRapCompetencia_FK_1` (`idRap`);

-- --
-- -- Indexes for table `ciudad`
-- --
-- ALTER TABLE `ciudad`
--   ADD PRIMARY KEY (`id`),
--   ADD UNIQUE KEY `ciudad_codigo_unique` (`codigo`),
--   ADD KEY `ciudad_iddepartamento_foreign` (`iddepartamento`);

-- --
-- -- Indexes for table `competencia`
-- --
-- ALTER TABLE `competencia`
--   ADD PRIMARY KEY (`id`),
--   ADD KEY `competencia_FK` (`idActividadProyecto`);

-- --
-- -- Indexes for table `departamento`
-- --
-- ALTER TABLE `departamento`
--   ADD PRIMARY KEY (`id`),
--   ADD UNIQUE KEY `departamento_codigo_unique` (`codigo`),
--   ADD UNIQUE KEY `departamento_descripcion_unique` (`descripcion`);

-- --
-- -- Indexes for table `dia`
-- --
-- ALTER TABLE `dia`
--   ADD PRIMARY KEY (`id`);

-- --
-- -- Indexes for table `empresa`
-- --
-- ALTER TABLE `empresa`
--   ADD PRIMARY KEY (`id`);

-- --
-- -- Indexes for table `estado`
-- --
-- ALTER TABLE `estado`
--   ADD PRIMARY KEY (`id`);

-- --
-- -- Indexes for table `failed_jobs`
-- --
-- ALTER TABLE `failed_jobs`
--   ADD PRIMARY KEY (`id`),
--   ADD UNIQUE KEY `failed_jobs_uuid_unique` (`uuid`);

-- --
-- -- Indexes for table `fase`
-- --
-- ALTER TABLE `fase`
--   ADD PRIMARY KEY (`id`);

-- --
-- -- Indexes for table `grupo`
-- --
-- ALTER TABLE `grupo`
--   ADD PRIMARY KEY (`id`),
--   ADD KEY `grupo_FK` (`idTipoGrupo`);

-- --
-- -- Indexes for table `horarioGrupo`
-- --
-- ALTER TABLE `horarioGrupo`
--   ADD PRIMARY KEY (`id`);

-- --
-- -- Indexes for table `infraestructura`
-- --
-- ALTER TABLE `infraestructura`
--   ADD PRIMARY KEY (`id`),
--   ADD KEY `infraestructura_FK` (`idArea`),
--   ADD KEY `infraestructura_FK_1` (`idSede`);

-- --
-- -- Indexes for table `jornada`
-- --
-- ALTER TABLE `jornada`
--   ADD PRIMARY KEY (`id`);

-- --
-- -- Indexes for table `migrations`
-- --
-- ALTER TABLE `migrations`
--   ADD PRIMARY KEY (`id`);

-- --
-- -- Indexes for table `model_has_permissions`
-- --
-- ALTER TABLE `model_has_permissions`
--   ADD PRIMARY KEY (`permission_id`,`model_id`,`model_type`),
--   ADD KEY `model_has_permissions_model_id_model_type_index` (`model_id`,`model_type`);

-- --
-- -- Indexes for table `model_has_roles`
-- --
-- ALTER TABLE `model_has_roles`
--   ADD PRIMARY KEY (`role_id`,`model_id`,`model_type`),
--   ADD KEY `model_has_roles_model_id_model_type_index` (`model_id`,`model_type`);

-- --
-- -- Indexes for table `notificacion`
-- --
-- ALTER TABLE `notificacion`
--   ADD PRIMARY KEY (`id`),
--   ADD KEY `notificacion_estado_id_foreign` (`estado_id`),
--   ADD KEY `notificacion_idusuarioreceptor_foreign` (`idUsuarioReceptor`),
--   ADD KEY `notificacion_idusuarioremitente_foreign` (`idUsuarioRemitente`),
--   ADD KEY `notificacion_idtiponotificacion_foreign` (`idTipoNotificacion`),
--   ADD KEY `notificacion_idempresa_foreign` (`idEmpresa`);

-- --
-- -- Indexes for table `password_resets`
-- --
-- ALTER TABLE `password_resets`
--   ADD KEY `password_resets_email_index` (`email`);

-- --
-- -- Indexes for table `permissions`
-- --
-- ALTER TABLE `permissions`
--   ADD PRIMARY KEY (`id`),
--   ADD UNIQUE KEY `permissions_name_guard_name_unique` (`name`,`guard_name`);

-- --
-- -- Indexes for table `persona`
-- --
-- ALTER TABLE `persona`
--   ADD PRIMARY KEY (`id`),
--   ADD UNIQUE KEY `persona_identificacion_unique` (`identificacion`),
--   ADD KEY `persona_idtipoidentificacion_foreign` (`idTipoIdentificacion`),
--   ADD KEY `persona_idciudad_foreign` (`idCiudad`),
--   ADD KEY `persona_idciudadnac_foreign` (`idCiudadNac`),
--   ADD KEY `persona_idciudadubicacion_foreign` (`idCiudadUbicacion`);

-- --
-- -- Indexes for table `personal_access_tokens`
-- --
-- ALTER TABLE `personal_access_tokens`
--   ADD PRIMARY KEY (`id`),
--   ADD UNIQUE KEY `personal_access_tokens_token_unique` (`token`),
--   ADD KEY `personal_access_tokens_tokenable_type_tokenable_id_index` (`tokenable_type`,`tokenable_id`);

-- --
-- -- Indexes for table `proceso`
-- --
-- ALTER TABLE `proceso`
--   ADD PRIMARY KEY (`id`);

-- --
-- -- Indexes for table `programa`
-- --
-- ALTER TABLE `programa`
--   ADD PRIMARY KEY (`id`),
--   ADD KEY `programas_idtipoprograma_foreign` (`idTipoPrograma`),
--   ADD KEY `programas_idestado_foreign` (`idEstado`);

-- --
-- -- Indexes for table `resultadoAprendizaje`
-- --
-- ALTER TABLE `resultadoAprendizaje`
--   ADD PRIMARY KEY (`id`);

-- --
-- -- Indexes for table `roles`
-- --
-- ALTER TABLE `roles`
--   ADD PRIMARY KEY (`id`),
--   ADD UNIQUE KEY `roles_name_guard_name_idcompany_unique` (`name`,`guard_name`,`idCompany`),
--   ADD KEY `roles_idcompany_foreign` (`idCompany`);

-- --
-- -- Indexes for table `role_has_permissions`
-- --
-- ALTER TABLE `role_has_permissions`
--   ADD PRIMARY KEY (`permission_id`,`role_id`),
--   ADD KEY `role_has_permissions_role_id_foreign` (`role_id`);

-- --
-- -- Indexes for table `sede`
-- --
-- ALTER TABLE `sede`
--   ADD PRIMARY KEY (`id`),
--   ADD KEY `sede_FK` (`idCiudad`);

-- --
-- -- Indexes for table `tipoDocumento`
-- --
-- ALTER TABLE `tipoDocumento`
--   ADD PRIMARY KEY (`id`),
--   ADD KEY `tipodocumento_idestado_foreign` (`idEstado`),
--   ADD KEY `tipodocumento_idproceso_foreign` (`idProceso`);

-- --
-- -- Indexes for table `tipoGrupo`
-- --
-- ALTER TABLE `tipoGrupo`
--   ADD PRIMARY KEY (`id`);

-- --
-- -- Indexes for table `tipoIdentificacion`
-- --
-- ALTER TABLE `tipoIdentificacion`
--   ADD PRIMARY KEY (`id`),
--   ADD UNIQUE KEY `tipoidentificacion_codigo_unique` (`codigo`);

-- --
-- -- Indexes for table `tipoNotificacion`
-- --
-- ALTER TABLE `tipoNotificacion`
--   ADD PRIMARY KEY (`id`);

-- --
-- -- Indexes for table `tipoPrograma`
-- --
-- ALTER TABLE `tipoPrograma`
--   ADD PRIMARY KEY (`id`);

-- --
-- -- Indexes for table `usuario`
-- --
-- ALTER TABLE `usuario`
--   ADD PRIMARY KEY (`id`),
--   ADD UNIQUE KEY `usuario_email_unique` (`email`),
--   ADD KEY `usuario_idpersona_foreign` (`idpersona`);

-- --
-- -- AUTO_INCREMENT for dumped tables
-- --

-- --
-- -- AUTO_INCREMENT for table `activation_company_users`
-- --
-- ALTER TABLE `activation_company_users`
--   MODIFY `id` int(10) UNSIGNED NOT NULL AUTO_INCREMENT, AUTO_INCREMENT=3;

-- --
-- -- AUTO_INCREMENT for table `ActividadAprendizaje`
-- --
-- ALTER TABLE `ActividadAprendizaje`
--   MODIFY `id` int(11) NOT NULL AUTO_INCREMENT;

-- --
-- -- AUTO_INCREMENT for table `actividadProyecto`
-- --
-- ALTER TABLE `actividadProyecto`
--   MODIFY `id` int(10) UNSIGNED NOT NULL AUTO_INCREMENT, AUTO_INCREMENT=51;

-- --
-- -- AUTO_INCREMENT for table `area`
-- --
-- ALTER TABLE `area`
--   MODIFY `id` int(11) NOT NULL AUTO_INCREMENT;

-- --
-- -- AUTO_INCREMENT for table `asignacionDiaJornadas`
-- --
-- ALTER TABLE `asignacionDiaJornadas`
--   MODIFY `id` int(10) UNSIGNED NOT NULL AUTO_INCREMENT, AUTO_INCREMENT=21;

-- --
-- -- AUTO_INCREMENT for table `asignacionFasePrograma`
-- --
-- ALTER TABLE `asignacionFasePrograma`
--   MODIFY `id` int(10) UNSIGNED NOT NULL AUTO_INCREMENT;

-- --
-- -- AUTO_INCREMENT for table `asignacionJornadaHorarioGrupo`
-- --
-- ALTER TABLE `asignacionJornadaHorarioGrupo`
--   MODIFY `id` int(11) NOT NULL AUTO_INCREMENT;

-- --
-- -- AUTO_INCREMENT for table `asignacionParticipante`
-- --
-- ALTER TABLE `asignacionParticipante`
--   MODIFY `id` int(11) NOT NULL AUTO_INCREMENT;

-- --
-- -- AUTO_INCREMENT for table `asignacionRapCompetencia`
-- --
-- ALTER TABLE `asignacionRapCompetencia`
--   MODIFY `id` int(10) UNSIGNED NOT NULL AUTO_INCREMENT, AUTO_INCREMENT=51;

-- --
-- -- AUTO_INCREMENT for table `ciudad`
-- --
-- ALTER TABLE `ciudad`
--   MODIFY `id` int(10) UNSIGNED NOT NULL AUTO_INCREMENT, AUTO_INCREMENT=1109;

-- --
-- -- AUTO_INCREMENT for table `competencia`
-- --
-- ALTER TABLE `competencia`
--   MODIFY `id` int(11) NOT NULL AUTO_INCREMENT;

-- --
-- -- AUTO_INCREMENT for table `departamento`
-- --
-- ALTER TABLE `departamento`
--   MODIFY `id` int(10) UNSIGNED NOT NULL AUTO_INCREMENT, AUTO_INCREMENT=34;

-- --
-- -- AUTO_INCREMENT for table `dia`
-- --
-- ALTER TABLE `dia`
--   MODIFY `id` int(10) UNSIGNED NOT NULL AUTO_INCREMENT, AUTO_INCREMENT=8;

-- --
-- -- AUTO_INCREMENT for table `empresa`
-- --
-- ALTER TABLE `empresa`
--   MODIFY `id` int(10) UNSIGNED NOT NULL AUTO_INCREMENT, AUTO_INCREMENT=13;

-- --
-- -- AUTO_INCREMENT for table `estado`
-- --
-- ALTER TABLE `estado`
--   MODIFY `id` int(10) UNSIGNED NOT NULL AUTO_INCREMENT, AUTO_INCREMENT=12;

-- --
-- -- AUTO_INCREMENT for table `failed_jobs`
-- --
-- ALTER TABLE `failed_jobs`
--   MODIFY `id` int(10) UNSIGNED NOT NULL AUTO_INCREMENT;

-- --
-- -- AUTO_INCREMENT for table `fase`
-- --
-- ALTER TABLE `fase`
--   MODIFY `id` int(10) UNSIGNED NOT NULL AUTO_INCREMENT;

-- --
-- -- AUTO_INCREMENT for table `grupo`
-- --
-- ALTER TABLE `grupo`
--   MODIFY `id` int(11) NOT NULL AUTO_INCREMENT;

-- --
-- -- AUTO_INCREMENT for table `horarioGrupo`
-- --
-- ALTER TABLE `horarioGrupo`
--   MODIFY `id` int(11) NOT NULL AUTO_INCREMENT;

-- --
-- -- AUTO_INCREMENT for table `infraestructura`
-- --
-- ALTER TABLE `infraestructura`
--   MODIFY `id` int(10) UNSIGNED NOT NULL AUTO_INCREMENT, AUTO_INCREMENT=11;

-- --
-- -- AUTO_INCREMENT for table `jornada`
-- --
-- ALTER TABLE `jornada`
--   MODIFY `id` int(10) UNSIGNED NOT NULL AUTO_INCREMENT, AUTO_INCREMENT=8;

-- --
-- -- AUTO_INCREMENT for table `migrations`
-- --
-- ALTER TABLE `migrations`
--   MODIFY `id` int(10) UNSIGNED NOT NULL AUTO_INCREMENT, AUTO_INCREMENT=24;

-- --
-- -- AUTO_INCREMENT for table `notificacion`
-- --
-- ALTER TABLE `notificacion`
--   MODIFY `id` int(10) UNSIGNED NOT NULL AUTO_INCREMENT;

-- --
-- -- AUTO_INCREMENT for table `permissions`
-- --
-- ALTER TABLE `permissions`
--   MODIFY `id` bigint(20) UNSIGNED NOT NULL AUTO_INCREMENT, AUTO_INCREMENT=10;

-- --
-- -- AUTO_INCREMENT for table `persona`
-- --
-- ALTER TABLE `persona`
--   MODIFY `id` int(10) UNSIGNED NOT NULL AUTO_INCREMENT, AUTO_INCREMENT=2;

-- --
-- -- AUTO_INCREMENT for table `personal_access_tokens`
-- --
-- ALTER TABLE `personal_access_tokens`
--   MODIFY `id` bigint(20) UNSIGNED NOT NULL AUTO_INCREMENT;

-- --
-- -- AUTO_INCREMENT for table `proceso`
-- --
-- ALTER TABLE `proceso`
--   MODIFY `id` int(10) UNSIGNED NOT NULL AUTO_INCREMENT;

-- --
-- -- AUTO_INCREMENT for table `programa`
-- --
-- ALTER TABLE `programa`
--   MODIFY `id` int(10) UNSIGNED NOT NULL AUTO_INCREMENT, AUTO_INCREMENT=11;

-- --
-- -- AUTO_INCREMENT for table `resultadoAprendizaje`
-- --
-- ALTER TABLE `resultadoAprendizaje`
--   MODIFY `id` int(11) NOT NULL AUTO_INCREMENT;

-- --
-- -- AUTO_INCREMENT for table `roles`
-- --
-- ALTER TABLE `roles`
--   MODIFY `id` bigint(20) UNSIGNED NOT NULL AUTO_INCREMENT, AUTO_INCREMENT=3;

-- --
-- -- AUTO_INCREMENT for table `tipoDocumento`
-- --
-- ALTER TABLE `tipoDocumento`
--   MODIFY `id` int(10) UNSIGNED NOT NULL AUTO_INCREMENT;

-- --
-- -- AUTO_INCREMENT for table `tipoGrupo`
-- --
-- ALTER TABLE `tipoGrupo`
--   MODIFY `id` int(11) NOT NULL AUTO_INCREMENT;

-- --
-- -- AUTO_INCREMENT for table `tipoIdentificacion`
-- --
-- ALTER TABLE `tipoIdentificacion`
--   MODIFY `id` int(10) UNSIGNED NOT NULL AUTO_INCREMENT, AUTO_INCREMENT=5;

-- --
-- -- AUTO_INCREMENT for table `tipoNotificacion`
-- --
-- ALTER TABLE `tipoNotificacion`
--   MODIFY `id` int(10) UNSIGNED NOT NULL AUTO_INCREMENT;

-- --
-- -- AUTO_INCREMENT for table `tipoPrograma`
-- --
-- ALTER TABLE `tipoPrograma`
--   MODIFY `id` int(10) UNSIGNED NOT NULL AUTO_INCREMENT, AUTO_INCREMENT=11;

-- --
-- -- AUTO_INCREMENT for table `usuario`
-- --
-- ALTER TABLE `usuario`
--   MODIFY `id` int(10) UNSIGNED NOT NULL AUTO_INCREMENT, AUTO_INCREMENT=2;

-- --
-- -- Constraints for dumped tables
-- --

-- --
-- -- Constraints for table `activation_company_users`
-- --
-- ALTER TABLE `activation_company_users`
--   ADD CONSTRAINT `activation_company_users_company_id_foreign` FOREIGN KEY (`company_id`) REFERENCES `empresa` (`id`),
--   ADD CONSTRAINT `activation_company_users_state_id_foreign` FOREIGN KEY (`state_id`) REFERENCES `estado` (`id`),
--   ADD CONSTRAINT `activation_company_users_user_id_foreign` FOREIGN KEY (`user_id`) REFERENCES `usuario` (`id`);

-- --
-- -- Constraints for table `ActividadAprendizaje`
-- --
-- ALTER TABLE `ActividadAprendizaje`
--   ADD CONSTRAINT `ActividadAprendizaje_FK` FOREIGN KEY (`idRap`) REFERENCES `resultadoAprendizaje` (`id`);

-- --
-- -- Constraints for table `actividadProyecto`
-- --
-- ALTER TABLE `actividadProyecto`
--   ADD CONSTRAINT `actividadProyecto_FK` FOREIGN KEY (`idFase`) REFERENCES `fase` (`id`);

-- --
-- -- Constraints for table `asignacionDiaJornadas`
-- --
-- ALTER TABLE `asignacionDiaJornadas`
--   ADD CONSTRAINT `asignacionDiaJornadas_FK` FOREIGN KEY (`idDia`) REFERENCES `dia` (`id`),
--   ADD CONSTRAINT `asignacionDiaJornadas_FK_1` FOREIGN KEY (`idJornada`) REFERENCES `jornada` (`id`);

-- --
-- -- Constraints for table `asignacionFasePrograma`
-- --
-- ALTER TABLE `asignacionFasePrograma`
--   ADD CONSTRAINT `asignacionFasePrograma_FK` FOREIGN KEY (`idPrograma`) REFERENCES `programa` (`id`),
--   ADD CONSTRAINT `asignacionFasePrograma_FK_1` FOREIGN KEY (`idFase`) REFERENCES `fase` (`id`);

-- --
-- -- Constraints for table `asignacionJornadaHorarioGrupo`
-- --
-- ALTER TABLE `asignacionJornadaHorarioGrupo`
--   ADD CONSTRAINT `asignacionJornadaHorarioGrupo_FK` FOREIGN KEY (`idHorarioGrupo`) REFERENCES `horarioGrupo` (`id`);

-- --
-- -- Constraints for table `asignacionParticipante`
-- --
-- ALTER TABLE `asignacionParticipante`
--   ADD CONSTRAINT `asignacionParticipante_FK` FOREIGN KEY (`idGrupo`) REFERENCES `grupo` (`id`);

-- --
-- -- Constraints for table `asignacionRapCompetencia`
-- --
-- ALTER TABLE `asignacionRapCompetencia`
--   ADD CONSTRAINT `asignacionRapCompetencia_FK` FOREIGN KEY (`idCompetencia`) REFERENCES `competencia` (`id`),
--   ADD CONSTRAINT `asignacionRapCompetencia_FK_1` FOREIGN KEY (`idRap`) REFERENCES `resultadoAprendizaje` (`id`);

-- --
-- -- Constraints for table `ciudad`
-- --
-- ALTER TABLE `ciudad`
--   ADD CONSTRAINT `ciudad_iddepartamento_foreign` FOREIGN KEY (`iddepartamento`) REFERENCES `departamento` (`id`);

-- --
-- -- Constraints for table `competencia`
-- --
-- ALTER TABLE `competencia`
--   ADD CONSTRAINT `competencia_FK` FOREIGN KEY (`idActividadProyecto`) REFERENCES `actividadProyecto` (`id`);

-- --
-- -- Constraints for table `grupo`
-- --
-- ALTER TABLE `grupo`
--   ADD CONSTRAINT `grupo_FK` FOREIGN KEY (`idTipoGrupo`) REFERENCES `tipoGrupo` (`id`);

-- --
-- -- Constraints for table `infraestructura`
-- --
-- ALTER TABLE `infraestructura`
--   ADD CONSTRAINT `infraestructura_FK` FOREIGN KEY (`idArea`) REFERENCES `area` (`id`),
--   ADD CONSTRAINT `infraestructura_FK_1` FOREIGN KEY (`idSede`) REFERENCES `sede` (`id`);

-- --
-- -- Constraints for table `model_has_permissions`
-- --
-- ALTER TABLE `model_has_permissions`
--   ADD CONSTRAINT `model_has_permissions_permission_id_foreign` FOREIGN KEY (`permission_id`) REFERENCES `permissions` (`id`) ON DELETE CASCADE;

--
-- Constraints for table `model_has_roles`
--
-- ALTER TABLE `model_has_roles`
--   ADD CONSTRAINT `model_has_roles_role_id_foreign` FOREIGN KEY (`role_id`) REFERENCES `roles` (`id`) ON DELETE CASCADE;

--
-- Constraints for table `notificacion`
-- --
-- ALTER TABLE `notificacion`
--   ADD CONSTRAINT `notificacion_estado_id_foreign` FOREIGN KEY (`estado_id`) REFERENCES `estado` (`id`),
--   ADD CONSTRAINT `notificacion_idtiponotificacion_foreign` FOREIGN KEY (`idTipoNotificacion`) REFERENCES `tipoNotificacion` (`id`),
--   ADD CONSTRAINT `notificacion_idusuarioreceptor_foreign` FOREIGN KEY (`idUsuarioReceptor`) REFERENCES `usuario` (`id`),
--   ADD CONSTRAINT `notificacion_idusuarioremitente_foreign` FOREIGN KEY (`idUsuarioRemitente`) REFERENCES `usuario` (`id`);

--
-- Constraints for table `persona`
--
-- ALTER TABLE `persona`
--   ADD CONSTRAINT `persona_idciudad_foreign` FOREIGN KEY (`idCiudad`) REFERENCES `ciudad` (`id`),
--   ADD CONSTRAINT `persona_idciudadnac_foreign` FOREIGN KEY (`idCiudadNac`) REFERENCES `ciudad` (`id`),
--   ADD CONSTRAINT `persona_idciudadubicacion_foreign` FOREIGN KEY (`idCiudadUbicacion`) REFERENCES `ciudad` (`id`),
--   ADD CONSTRAINT `persona_idtipoidentificacion_foreign` FOREIGN KEY (`idTipoIdentificacion`) REFERENCES `tipoIdentificacion` (`id`);

--
-- Constraints for table `programa`
--
-- ALTER TABLE `programa`
--   ADD CONSTRAINT `programas_idestado_foreign` FOREIGN KEY (`idEstado`) REFERENCES `estado` (`id`),
--   ADD CONSTRAINT `programas_idtipoprograma_foreign` FOREIGN KEY (`idTipoPrograma`) REFERENCES `tipoPrograma` (`id`);

--
-- Constraints for table `roles`
--
-- ALTER TABLE `roles`
--   ADD CONSTRAINT `roles_idcompany_foreign` FOREIGN KEY (`idCompany`) REFERENCES `empresa` (`id`);

--
-- Constraints for table `role_has_permissions`
--
-- ALTER TABLE `role_has_permissions`
--   ADD CONSTRAINT `role_has_permissions_permission_id_foreign` FOREIGN KEY (`permission_id`) REFERENCES `permissions` (`id`) ON DELETE CASCADE,
--   ADD CONSTRAINT `role_has_permissions_role_id_foreign` FOREIGN KEY (`role_id`) REFERENCES `roles` (`id`) ON DELETE CASCADE;

--
-- Constraints for table `sede`
--
-- ALTER TABLE `sede`
--   ADD CONSTRAINT `sede_FK` FOREIGN KEY (`idCiudad`) REFERENCES `ciudad` (`id`);

--
-- Constraints for table `tipoDocumento`
--
-- ALTER TABLE `tipoDocumento`
--   ADD CONSTRAINT `tipodocumento_idestado_foreign` FOREIGN KEY (`idEstado`) REFERENCES `estado` (`id`),
--   ADD CONSTRAINT `tipodocumento_idproceso_foreign` FOREIGN KEY (`idProceso`) REFERENCES `proceso` (`id`);

--
-- Constraints for table `usuario`
--
-- ALTER TABLE `usuario`
--   ADD CONSTRAINT `usuario_idpersona_foreign` FOREIGN KEY (`idpersona`) REFERENCES `persona` (`id`);
-- COMMIT;
